name,,dates,open,top,down,close,value
yzj300058,,"2010-05-26,三",30.5,32.5,30.06,30.92,"284,330,010"
yzj300058,,"2010-05-27,四",30.6,30.6,28.33,30.24,"136,417,290"
yzj300058,,"2010-05-28,五",30.16,31.78,29.9,31.32,"128,030,222"
yzj300058,,"2010-05-31,一",31.99,34.19,31.52,31.6,"160,188,110"
yzj300058,,"2010-06-01,二",30.8,31.17,28.5,29.39,"99,922,889"
yzj300058,,"2010-06-02,三",29,29.56,28.18,29.45,"51,336,899"
yzj300058,,"2010-06-03,四",29.5,29.93,28.71,28.82,"57,471,116"
yzj300058,,"2010-06-04,五",28.5,29.48,28.21,29.45,"40,487,865"
yzj300058,,"2010-06-07,一",28.79,30.59,28.51,30.39,"77,949,336"
yzj300058,,"2010-06-08,二",30.3,30.38,29.6,30.08,"48,971,896"
yzj300058,,"2010-06-09,三",30.16,30.9,30.05,30.3,"62,449,877"
yzj300058,,"2010-06-10,四",30.32,31.19,30.2,31,"57,186,452"
yzj300058,,"2010-06-11,五",30.96,32.78,30.95,32.16,"84,324,391"
yzj300058,,"2010-06-17,四",32.5,33.5,30.95,31.03,"88,154,762"
yzj300058,,"2010-06-18,五",31.2,31.55,29.25,29.68,"59,153,747"
yzj300058,,"2010-06-21,一",29.43,30.75,28.78,30.65,"46,631,799"
yzj300058,,"2010-06-22,二",30.39,31.16,30.39,30.39,"39,797,199"
yzj300058,,"2010-06-23,三",30.25,31.5,30,31.45,"45,753,602"
yzj300058,,"2010-06-24,四",31.46,31.78,30.9,31.5,"35,260,596"
yzj300058,,"2010-06-25,五",31.4,31.4,29.5,30.14,"40,743,584"
yzj300058,,"2010-06-28,一",30,30.13,29.2,29.6,"21,411,750"
yzj300058,,"2010-06-29,二",29.7,29.8,27.88,27.92,"29,365,803"
yzj300058,,"2010-06-30,三",27.51,27.87,26.8,27.8,"25,011,346"
yzj300058,,"2010-07-01,四",27.8,27.87,26.7,26.9,"16,225,199"
yzj300058,,"2010-07-02,五",26.79,26.97,24.8,26.08,"31,338,735"
yzj300058,,"2010-07-05,一",25.41,26.48,25.36,26.2,"19,132,817"
yzj300058,,"2010-07-06,二",26.2,26.95,25.83,26.64,"20,147,016"
yzj300058,,"2010-07-07,三",26.61,26.87,26.07,26.6,"16,328,468"
yzj300058,,"2010-07-08,四",26.61,26.87,25.9,26.29,"15,268,420"
yzj300058,,"2010-07-09,五",26.3,27.06,26.12,26.9,"25,363,160"
yzj300058,,"2010-07-12,一",26.79,27.1,26.61,26.9,"17,606,529"
yzj300058,,"2010-07-13,二",26.66,26.78,25.86,26.44,"13,897,324"
yzj300058,,"2010-07-14,三",26.46,27.09,26.38,26.65,"15,236,213"
yzj300058,,"2010-07-15,四",26.65,26.66,25.3,25.38,"14,642,095"
yzj300058,,"2010-07-16,五",25.2,25.84,25.02,25.6,"10,956,305"
yzj300058,,"2010-07-19,一",25.46,26.09,25.24,26.06,"9,895,315"
yzj300058,,"2010-07-20,二",26.06,26.75,26,26.73,"16,987,350"
yzj300058,,"2010-07-21,三",26.7,27.36,26.68,26.73,"20,548,320"
yzj300058,,"2010-07-22,四",26.56,27.06,26.5,26.98,"12,022,421"
yzj300058,,"2010-07-23,五",27.05,27.35,26.88,27.25,"18,549,776"
yzj300058,,"2010-07-26,一",27.26,27.78,27,27.4,"15,357,312"
yzj300058,,"2010-07-27,二",27.27,27.27,26.75,26.87,"13,679,602"
yzj300058,,"2010-07-28,三",26.63,27.37,26.63,27.36,"15,408,157"
yzj300058,,"2010-07-29,四",27.4,27.52,27.21,27.48,"18,679,951"
yzj300058,,"2010-07-30,五",27.35,27.48,27.03,27.4,"10,724,998"
yzj300058,,"2010-08-02,一",27.43,27.95,27.25,27.9,"18,411,305"
yzj300058,,"2010-08-03,二",27.98,28.06,27.28,27.28,"12,601,530"
yzj300058,,"2010-08-04,三",27.28,27.4,26.85,27.33,"11,667,197"
yzj300058,,"2010-08-05,四",27.41,27.98,27.3,27.5,"23,832,174"
yzj300058,,"2010-08-06,五",27.8,28.14,27.47,28.1,"21,552,024"
yzj300058,,"2010-08-09,一",28.1,28.87,28,28.75,"31,413,076"
yzj300058,,"2010-08-10,二",28.76,28.76,27.53,27.54,"25,905,420"
yzj300058,,"2010-08-11,三",27.33,27.92,27.33,27.91,"14,534,247"
yzj300058,,"2010-08-12,四",27.7,28.29,27.6,27.77,"16,957,168"
yzj300058,,"2010-08-13,五",27.88,28.19,27.56,28.18,"14,098,603"
yzj300058,,"2010-08-16,一",28.3,28.6,28.01,28.47,"19,460,962"
yzj300058,,"2010-08-17,二",28.67,28.68,28.23,28.45,"18,265,732"
yzj300058,,"2010-08-18,三",28.45,28.5,27.71,27.95,"19,887,155"
yzj300058,,"2010-08-19,四",27.96,28.46,27.9,28.16,"18,085,366"
yzj300058,,"2010-08-20,五",28,28.03,27.08,27.09,"25,469,746"
yzj300058,,"2010-08-23,一",27.17,27.67,27.17,27.44,"16,003,586"
yzj300058,,"2010-08-24,二",27.2,27.69,27.19,27.54,"12,077,652"
yzj300058,,"2010-08-25,三",27.41,27.59,26.9,26.93,"10,018,583"
yzj300058,,"2010-08-26,四",26.93,27.2,26.21,26.44,"39,440,137"
yzj300058,,"2010-08-27,五",26.37,26.79,26.37,26.78,"20,189,713"
yzj300058,,"2010-08-30,一",27.01,27.66,26.8,27.59,"31,358,125"
yzj300058,,"2010-08-31,二",27.34,27.64,27.15,27.57,"23,169,940"
yzj300058,,"2010-09-01,三",27.6,27.78,26.63,26.85,"26,462,806"
yzj300058,,"2010-09-02,四",27.1,27.49,26.91,27.46,"23,981,562"
yzj300058,,"2010-09-03,五",27.46,28.2,27.46,28.05,"42,100,173"
yzj300058,,"2010-09-06,一",28.3,28.49,27.6,27.99,"36,473,704"
yzj300058,,"2010-09-07,二",28.72,30.79,28.71,29.98,"140,766,660"
yzj300058,,"2010-09-08,三",29.26,30.66,29.02,30.38,"93,826,114"
yzj300058,,"2010-09-09,四",29.85,30.4,29.35,29.43,"55,357,890"
yzj300058,,"2010-09-10,五",29.68,29.93,28.71,29.5,"31,656,354"
yzj300058,,"2010-09-13,一",29.56,29.95,29.34,29.59,"30,995,052"
yzj300058,,"2010-09-14,二",29.75,29.8,29.1,29.3,"22,260,847"
yzj300058,,"2010-09-15,三",29.37,29.5,28.2,28.36,"30,393,468"
yzj300058,,"2010-09-16,四",28.39,28.57,27.7,28.01,"20,706,097"
yzj300058,,"2010-09-17,五",28.2,28.25,27.81,27.9,"13,157,713"
yzj300058,,"2010-09-20,一",28,28.05,27.04,27.29,"11,988,034"
yzj300058,,"2010-09-21,二",27.47,27.5,27.12,27.26,"7,561,160"
yzj300058,,"2010-09-27,一",27.5,27.66,27.13,27.63,"9,476,112"
yzj300058,,"2010-09-28,二",27.68,28.04,27.43,27.99,"12,917,960"
yzj300058,,"2010-09-29,三",27.94,27.98,27.3,27.55,"6,517,276"
yzj300058,,"2010-09-30,四",27.52,27.87,27.31,27.81,"7,337,186"
yzj300058,,"2010-10-08,五",27.89,28.46,27.89,28.28,"15,744,760"
yzj300058,,"2010-10-11,一",28.3,28.37,27.9,28.21,"17,191,188"
yzj300058,,"2010-10-12,二",28.4,29.58,28.22,28.71,"25,132,785"
yzj300058,,"2010-10-13,三",28.72,28.73,28.01,28.62,"16,654,540"
yzj300058,,"2010-10-14,四",28.41,28.61,28,28.02,"19,763,896"
yzj300058,,"2010-10-15,五",28.02,28.02,27.19,27.25,"22,811,167"
yzj300058,,"2010-10-18,一",27.05,27.15,26.5,26.7,"18,214,482"
yzj300058,,"2010-10-19,二",26.88,28.45,26.6,28.09,"30,659,153"
yzj300058,,"2010-10-20,三",27.65,28.42,27.55,27.85,"23,356,369"
yzj300058,,"2010-10-21,四",27.86,27.98,27.5,27.85,"15,142,724"
yzj300058,,"2010-10-22,五",27.85,28.56,27.85,28.22,"17,382,095"
yzj300058,,"2010-10-25,一",28.3,29.19,28.3,28.92,"30,039,729"
yzj300058,,"2010-10-26,二",28.61,28.82,27.9,28.17,"33,504,039"
yzj300058,,"2010-10-27,三",28.23,28.33,27.72,27.77,"15,259,339"
yzj300058,,"2010-10-28,四",27.71,27.88,27.31,27.67,"15,666,969"
yzj300058,,"2010-10-29,五",27.69,28.28,27,28.03,"21,918,808"
yzj300058,,"2010-11-01,一",28.19,29.03,28.19,28.91,"48,734,738"
yzj300058,,"2010-11-02,二",28.92,29.91,28.85,29.48,"73,785,765"
yzj300058,,"2010-11-03,三",29.39,29.39,28.43,28.47,"26,919,513"
yzj300058,,"2010-11-04,四",28.6,29.08,28.2,29.04,"27,218,454"
yzj300058,,"2010-11-05,五",29.3,29.32,28.75,29,"14,100,785"
yzj300058,,"2010-11-08,一",29.11,29.4,28.89,29.4,"21,838,582"
yzj300058,,"2010-11-09,二",29.12,29.53,29.06,29.31,"16,186,625"
yzj300058,,"2010-11-10,三",29.2,29.89,29.09,29.74,"25,764,037"
yzj300058,,"2010-11-11,四",29.8,30.12,29.29,29.3,"28,918,482"
yzj300058,,"2010-11-12,五",29.08,29.35,27.71,27.79,"29,537,387"
yzj300058,,"2010-11-15,一",27.85,29.09,27.85,29.09,"24,201,793"
yzj300058,,"2010-11-16,二",29.13,29.94,28.02,28.76,"27,789,663"
yzj300058,,"2010-11-17,三",28.4,29.27,28.07,28.2,"17,405,758"
yzj300058,,"2010-11-18,四",28.5,28.9,28.21,28.9,"12,597,457"
yzj300058,,"2010-11-19,五",29.09,29.98,28.9,29.93,"41,787,941"
yzj300058,,"2010-11-22,一",30.08,31.5,29.99,30.6,"59,028,961"
yzj300058,,"2010-11-23,二",30.5,30.5,29.37,30.07,"37,775,970"
yzj300058,,"2010-11-24,三",30,31.45,29.81,31.16,"37,581,018"
yzj300058,,"2010-11-25,四",31.05,31.48,30.38,30.69,"26,972,172"
yzj300058,,"2010-11-26,五",30.61,31.1,30,30.41,"28,841,986"
yzj300058,,"2010-11-29,一",30.39,31.1,30.33,30.92,"23,327,847"
yzj300058,,"2010-11-30,二",30.9,31,29.21,29.75,"26,606,732"
yzj300058,,"2010-12-01,三",29.71,30.26,29.46,30,"13,753,576"
yzj300058,,"2010-12-02,四",30.28,30.68,29.83,30.02,"14,554,848"
yzj300058,,"2010-12-03,五",29.92,30.01,29.28,29.55,"14,819,270"
yzj300058,,"2010-12-06,一",29.45,29.58,28.56,28.96,"11,601,970"
yzj300058,,"2010-12-07,二",28.74,29.42,28.68,29.39,"6,457,854"
yzj300058,,"2010-12-08,三",29.21,29.5,29.01,29.2,"9,402,093"
yzj300058,,"2010-12-09,四",28.82,29.25,28.63,28.67,"10,103,897"
yzj300058,,"2010-12-13,一",29.28,29.78,29.28,29.75,"18,852,620"
yzj300058,,"2010-12-14,二",29.78,30.5,29.55,30.33,"18,444,861"
yzj300058,,"2010-12-15,三",30.11,30.4,29.87,30,"14,098,373"
yzj300058,,"2010-12-16,四",29.9,30.44,29.9,30.23,"13,042,437"
yzj300058,,"2010-12-17,五",30.2,30.85,30.1,30.72,"13,125,570"
yzj300058,,"2010-12-20,一",30.9,30.95,29.41,30.12,"21,903,189"
yzj300058,,"2010-12-21,二",30.27,30.38,30.06,30.22,"9,570,234"
yzj300058,,"2010-12-22,三",30.14,30.29,29.79,29.9,"9,991,780"
yzj300058,,"2010-12-23,四",29.99,29.99,29.45,29.51,"8,829,654"
yzj300058,,"2010-12-24,五",29.51,29.51,28.5,28.95,"10,970,454"
yzj300058,,"2010-12-27,一",28.94,29.27,28.3,28.42,"8,695,921"
yzj300058,,"2010-12-28,二",28.21,28.43,27.56,27.94,"10,388,515"
yzj300058,,"2010-12-29,三",28.04,28.44,27.82,28.44,"9,019,544"
yzj300058,,"2010-12-30,四",28.4,28.64,28.12,28.58,"5,855,841"
yzj300058,,"2010-12-31,五",28.52,28.86,28.5,28.8,"6,577,881"
yzj300058,,"2011-01-04,二",28.9,29.08,28.67,29.04,"7,393,507"
yzj300058,,"2011-01-05,三",28.91,29.25,28.8,29,"6,552,067"
yzj300058,,"2011-01-06,四",28.83,29.04,28.56,28.59,"6,011,306"
yzj300058,,"2011-01-07,五",28.69,28.8,28.45,28.7,"6,129,954"
yzj300058,,"2011-01-10,一",28.51,28.7,27.98,28.08,"6,863,139"
yzj300058,,"2011-01-11,二",28.07,28.38,27.68,27.89,"4,346,182"
yzj300058,,"2011-01-12,三",27.89,28.27,27.76,28.27,"4,575,496"
yzj300058,,"2011-01-13,四",28.48,28.69,28.03,28.34,"4,300,606"
yzj300058,,"2011-01-14,五",28.07,28.07,27.67,27.69,"5,078,900"
yzj300058,,"2011-01-17,一",27.52,27.89,26.46,26.59,"7,920,867"
yzj300058,,"2011-01-18,二",26.88,26.88,26.42,26.59,"2,693,629"
yzj300058,,"2011-01-19,三",26.61,26.95,26.34,26.9,"3,549,435"
yzj300058,,"2011-01-20,四",26.89,26.93,25.83,25.86,"6,372,866"
yzj300058,,"2011-01-21,五",25.6,26.15,25.51,25.91,"3,967,712"
yzj300058,,"2011-01-24,一",25.61,26.32,25.25,25.25,"4,144,286"
yzj300058,,"2011-01-25,二",25.32,25.32,24.75,24.9,"5,310,388"
yzj300058,,"2011-01-26,三",24.99,25.36,24.95,25.29,"2,224,802"
yzj300058,,"2011-01-27,四",25.22,25.78,25.11,25.64,"2,721,935"
yzj300058,,"2011-01-28,五",25.64,26.47,25.55,26.21,"5,839,139"
yzj300058,,"2011-01-31,一",26.15,26.44,25.92,26.32,"3,028,090"
yzj300058,,"2011-02-01,二",26.32,26.63,26.12,26.51,"2,424,135"
yzj300058,,"2011-02-09,三",26.25,26.65,26,26.35,"3,386,470"
yzj300058,,"2011-02-10,四",26.35,26.97,26.35,26.97,"4,972,276"
yzj300058,,"2011-02-11,五",26.97,27.08,26.69,26.99,"3,309,948"
yzj300058,,"2011-02-14,一",27.09,27.13,26.71,27.05,"29,021,780"
yzj300058,,"2011-02-15,二",27,27.05,26.75,26.75,"16,204,530"
yzj300058,,"2011-02-16,三",26.75,27.15,26.64,27.1,"10,331,955"
yzj300058,,"2011-02-17,四",27.1,27.56,27.1,27.48,"11,145,268"
yzj300058,,"2011-02-18,五",27.49,27.7,27.25,27.4,"6,148,346"
yzj300058,,"2011-02-21,一",27.5,28.25,27.4,27.96,"7,934,256"
yzj300058,,"2011-02-22,二",28.33,28.98,27.8,27.9,"17,473,802"
yzj300058,,"2011-02-23,三",27.81,28.8,27.8,28.8,"13,720,196"
yzj300058,,"2011-02-24,四",29,29.15,28.4,28.65,"10,782,547"
yzj300058,,"2011-02-25,五",28.65,28.79,28.3,28.61,"6,585,903"
yzj300058,,"2011-02-28,一",28.96,29.38,28.62,29.28,"10,903,637"
yzj300058,,"2011-03-01,二",29.35,29.44,28.7,28.92,"9,299,710"
yzj300058,,"2011-03-02,三",29,29.16,28.61,28.7,"12,685,850"
yzj300058,,"2011-03-03,四",28.7,28.92,28.07,28.1,"11,210,458"
yzj300058,,"2011-03-04,五",28.12,28.58,28.1,28.58,"10,164,447"
yzj300058,,"2011-03-07,一",28.63,29.61,28.63,29.28,"16,009,917"
yzj300058,,"2011-03-08,二",29.41,29.68,29.13,29.43,"16,583,337"
yzj300058,,"2011-03-09,三",29.05,29.68,28.66,29.55,"22,668,394"
yzj300058,,"2011-03-10,四",32.51,32.51,32.51,32.51,"18,103,681"
yzj300058,,"2011-03-11,五",33.99,35.76,33.5,35.76,"217,729,180"
yzj300058,,"2011-03-14,一",35.87,37.3,35.28,36.19,"148,768,610"
yzj300058,,"2011-03-15,二",36,36.29,34.85,36.1,"84,867,358"
yzj300058,,"2011-03-16,三",36.2,37.23,35.7,37.18,"71,403,166"
yzj300058,,"2011-03-17,四",36.52,37,35.81,36.04,"48,764,950"
yzj300058,,"2011-03-18,五",36.36,36.65,35.9,36.2,"31,984,729"
yzj300058,,"2011-03-21,一",36.22,36.38,35.7,35.85,"26,192,835"
yzj300058,,"2011-03-22,二",35.88,35.9,34.88,35,"33,470,060"
yzj300058,,"2011-03-23,三",34.88,35.59,34.62,35.46,"28,346,609"
yzj300058,,"2011-03-24,四",35.28,35.99,35.23,35.45,"26,002,981"
yzj300058,,"2011-03-25,五",35.28,35.87,35.28,35.78,"23,963,154"
yzj300058,,"2011-03-28,一",36,36.85,35.7,36.02,"47,319,288"
yzj300058,,"2011-03-29,二",35.48,35.74,33.1,33.4,"51,488,166"
yzj300058,,"2011-03-30,三",33.42,33.87,32.77,33.11,"16,622,861"
yzj300058,,"2011-03-31,四",33.05,33.77,32.92,33.28,"14,032,649"
yzj300058,,"2011-04-01,五",33.3,33.59,32.57,33.5,"17,501,640"
yzj300058,,"2011-04-06,三",33.2,33.4,32.6,32.73,"13,352,381"
yzj300058,,"2011-04-07,四",32.72,33.2,31.99,33.03,"12,495,819"
yzj300058,,"2011-04-08,五",33.02,34.35,32.88,34.25,"27,704,818"
yzj300058,,"2011-04-12,二",33.55,33.7,33.15,33.32,"18,302,731"
yzj300058,,"2011-04-13,三",33.65,34.75,33.2,34.25,"21,608,765"
yzj300058,,"2011-04-14,四",34.23,34.25,33.8,33.96,"11,324,189"
yzj300058,,"2011-04-15,五",33.8,34.16,33.25,33.87,"11,652,405"
yzj300058,,"2011-04-18,一",33.9,33.9,33.28,33.55,"9,974,250"
yzj300058,,"2011-04-19,二",33.38,33.38,32.2,32.49,"17,121,136"
yzj300058,,"2011-04-20,三",32.49,32.88,32.01,32.81,"17,318,590"
yzj300058,,"2011-04-21,四",32.6,33.19,32.36,32.86,"18,433,784"
yzj300058,,"2011-04-22,五",33,33.19,32.4,32.55,"9,574,142"
yzj300058,,"2011-04-25,一",32.38,32.38,30.56,30.65,"27,411,621"
yzj300058,,"2011-04-26,二",28.2,29.97,28.2,28.48,"24,332,693"
yzj300058,,"2011-04-27,三",28.48,28.69,27.62,27.88,"16,617,722"
yzj300058,,"2011-04-28,四",27.98,28,26.98,26.99,"11,012,516"
yzj300058,,"2011-04-29,五",27.2,27.65,27.05,27.63,"9,778,230"
yzj300058,,"2011-05-03,二",27.63,28.34,27.4,28.29,"9,709,073"
yzj300058,,"2011-05-04,三",28.18,28.18,27.4,27.63,"8,291,330"
yzj300058,,"2011-05-05,四",27.33,28.2,27.33,27.92,"7,843,423"
yzj300058,,"2011-05-06,五",27.9,28.49,27.75,28.34,"7,562,371"
yzj300058,,"2011-05-09,一",28.42,28.75,28.4,28.6,"8,339,133"
yzj300058,,"2011-05-10,二",28.6,28.6,28.1,28.41,"3,848,519"
yzj300058,,"2011-05-11,三",28.49,28.68,28.11,28.61,"8,245,451"
yzj300058,,"2011-05-12,四",28.33,28.49,27.83,27.88,"8,676,486"
yzj300058,,"2011-05-13,五",28.18,28.18,27.47,27.9,"6,151,779"
yzj300058,,"2011-05-16,一",27.66,28.09,27.66,27.95,"4,144,443"
yzj300058,,"2011-05-17,二",27.95,28.02,27.3,27.71,"7,209,835"
yzj300058,,"2011-05-18,三",27.75,28.1,27.61,27.85,"6,151,413"
yzj300058,,"2011-05-19,四",28.1,28.45,27.6,27.64,"3,768,634"
yzj300058,,"2011-05-20,五",27.64,27.66,27.11,27.34,"10,076,796"
yzj300058,,"2011-05-23,一",27,27.33,26.12,26.12,"7,489,479"
yzj300058,,"2011-05-24,二",25.96,27.12,25.96,26.91,"10,270,705"
yzj300058,,"2011-05-25,三",26.98,26.98,26.31,26.37,"4,755,198"
yzj300058,,"2011-05-26,四",26.37,26.67,26.22,26.31,"2,870,228"
yzj300058,,"2011-05-27,五",26.59,26.59,26.15,26.32,"3,031,677"
yzj300058,,"2011-05-30,一",26.8,27.86,26.62,26.73,"23,988,831"
yzj300058,,"2011-05-31,二",26.6,27.29,26.51,27.28,"11,265,638"
yzj300058,,"2011-06-01,三",27.4,27.4,27.05,27.28,"9,186,952"
yzj300058,,"2011-06-02,四",27.12,27.12,26,26.72,"13,457,945"
yzj300058,,"2011-06-03,五",12.8,12.95,12.48,12.7,"13,743,598"
yzj300058,,"2011-06-07,二",12.63,12.63,12.45,12.6,"7,012,619"
yzj300058,,"2011-06-08,三",12.55,12.55,12.29,12.45,"6,943,733"
yzj300058,,"2011-06-09,四",12.57,12.59,12.13,12.13,"5,753,153"
yzj300058,,"2011-06-10,五",12.19,12.19,11.71,11.89,"7,371,833"
yzj300058,,"2011-06-13,一",11.76,12.05,11.69,11.95,"3,680,615"
yzj300058,,"2011-06-14,二",11.95,12.06,11.88,12.03,"5,284,922"
yzj300058,,"2011-06-15,三",11.97,12.04,11.7,11.73,"5,686,644"
yzj300058,,"2011-06-16,四",11.7,11.7,11.18,11.23,"7,399,734"
yzj300058,,"2011-06-17,五",11.23,11.33,10.98,10.98,"3,525,410"
yzj300058,,"2011-06-20,一",11.05,11.05,10.78,10.95,"3,142,136"
yzj300058,,"2011-06-21,二",10.99,11.05,10.83,11.02,"3,494,269"
yzj300058,,"2011-06-22,三",11.17,11.17,10.9,11.05,"2,984,935"
yzj300058,,"2011-06-23,四",11,11.39,10.91,11.31,"6,918,039"
yzj300058,,"2011-06-24,五",11.27,11.63,11.21,11.55,"8,929,095"
yzj300058,,"2011-06-27,一",11.56,11.82,11.5,11.75,"7,474,326"
yzj300058,,"2011-06-28,二",11.78,11.8,11.56,11.65,"5,274,771"
yzj300058,,"2011-06-29,三",11.6,11.78,11.45,11.45,"4,416,849"
yzj300058,,"2011-06-30,四",11.55,11.65,11.44,11.57,"4,702,286"
yzj300058,,"2011-07-01,五",11.6,11.75,11.56,11.64,"6,705,125"
yzj300058,,"2011-07-04,一",11.66,11.84,11.64,11.82,"9,251,819"
yzj300058,,"2011-07-05,二",11.9,11.9,11.78,11.82,"6,870,936"
yzj300058,,"2011-07-06,三",11.85,12.42,11.72,12.26,"21,462,101"
yzj300058,,"2011-07-07,四",12.28,12.43,12.11,12.12,"14,405,120"
yzj300058,,"2011-07-08,五",12.15,12.32,12,12.1,"7,340,954"
yzj300058,,"2011-07-11,一",12.1,12.31,12.05,12.27,"6,114,828"
yzj300058,,"2011-07-12,二",12.19,12.19,11.86,11.91,"8,441,665"
yzj300058,,"2011-07-13,三",11.88,12.08,11.85,12.05,"5,431,354"
yzj300058,,"2011-07-14,四",12.08,12.46,12.05,12.45,"23,639,977"
yzj300058,,"2011-07-15,五",12.4,12.79,12.31,12.76,"25,248,394"
yzj300058,,"2011-07-18,一",12.77,12.95,12.54,12.59,"14,716,146"
yzj300058,,"2011-07-19,二",12.5,12.59,12.31,12.41,"7,672,641"
yzj300058,,"2011-07-20,三",12.5,12.57,12.22,12.42,"8,996,315"
yzj300058,,"2011-07-21,四",12.42,12.42,11.99,12.01,"9,006,755"
yzj300058,,"2011-07-22,五",12.12,12.29,12.03,12.13,"5,204,670"
yzj300058,,"2011-07-25,一",12.09,12.09,11.42,11.45,"10,656,902"
yzj300058,,"2011-07-26,二",11.18,11.48,11.18,11.46,"3,907,911"
yzj300058,,"2011-07-27,三",11.31,11.59,11.22,11.55,"8,068,795"
yzj300058,,"2011-07-28,四",11.35,11.48,11.24,11.41,"5,042,287"
yzj300058,,"2011-07-29,五",11.35,11.47,11.2,11.3,"5,291,496"
yzj300058,,"2011-08-01,一",11.29,11.55,11.19,11.48,"4,709,790"
yzj300058,,"2011-08-02,二",11.4,11.54,11.22,11.53,"7,432,407"
yzj300058,,"2011-08-03,三",11.4,12.68,11.38,12.68,"31,560,791"
yzj300058,,"2011-08-04,四",13.18,13.29,12.6,12.77,"69,639,371"
yzj300058,,"2011-08-05,五",12.2,12.45,12.02,12.22,"26,167,680"
yzj300058,,"2011-08-08,一",12,12,11,11.08,"27,853,194"
yzj300058,,"2011-08-09,二",10.6,11.02,10.35,10.8,"16,422,512"
yzj300058,,"2011-08-10,三",11.02,11.25,10.9,11.08,"13,771,821"
yzj300058,,"2011-08-11,四",10.75,12.19,10.72,12.19,"54,881,516"
yzj300058,,"2011-08-12,五",12.4,13.4,12.34,13.11,"94,368,115"
yzj300058,,"2011-08-15,一",12.98,13.3,12.6,13,"60,704,935"
yzj300058,,"2011-08-16,二",13.1,13.12,12.48,12.63,"35,431,983"
yzj300058,,"2011-08-17,三",12.52,12.94,12.52,12.77,"25,896,707"
yzj300058,,"2011-08-18,四",12.76,12.83,12.2,12.27,"23,364,528"
yzj300058,,"2011-08-19,五",11.98,12.99,11.7,12.69,"36,153,101"
yzj300058,,"2011-08-22,一",12.4,13.95,12.4,13.56,"75,001,149"
yzj300058,,"2011-08-23,二",13.51,13.75,13,13.74,"71,591,721"
yzj300058,,"2011-08-24,三",13.69,13.89,13.32,13.34,"48,998,850"
yzj300058,,"2011-08-25,四",13.33,13.44,12.92,13.3,"36,061,342"
yzj300058,,"2011-08-26,五",13.3,13.8,13.14,13.59,"44,192,574"
yzj300058,,"2011-08-29,一",13.55,13.77,13.34,13.43,"26,774,391"
yzj300058,,"2011-08-30,二",13.58,13.67,12.97,12.97,"24,202,628"
yzj300058,,"2011-08-31,三",12.9,13.05,12.5,12.69,"17,637,196"
yzj300058,,"2011-09-01,四",12.69,12.87,12.46,12.63,"14,676,479"
yzj300058,,"2011-09-02,五",12.64,12.69,12.21,12.31,"12,293,635"
yzj300058,,"2011-09-05,一",12.2,12.2,11.78,11.82,"12,895,316"
yzj300058,,"2011-09-06,二",11.8,11.95,11.6,11.76,"9,679,051"
yzj300058,,"2011-09-07,三",11.86,12.33,11.59,12.28,"18,810,162"
yzj300058,,"2011-09-08,四",12.3,12.4,11.97,11.98,"15,283,175"
yzj300058,,"2011-09-09,五",11.9,12.27,11.85,11.9,"8,675,126"
yzj300058,,"2011-09-13,二",11.77,11.77,11.4,11.6,"6,774,392"
yzj300058,,"2011-09-14,三",11.68,11.84,11.25,11.84,"11,236,191"
yzj300058,,"2011-09-15,四",11.84,11.98,11.71,11.83,"10,047,184"
yzj300058,,"2011-09-16,五",11.85,12.22,11.84,11.93,"13,971,963"
yzj300058,,"2011-09-19,一",11.9,11.9,11.42,11.42,"7,871,302"
yzj300058,,"2011-09-20,二",11.42,11.63,11.24,11.45,"6,510,473"
yzj300058,,"2011-09-21,三",11.45,11.97,11.35,11.92,"10,512,796"
yzj300058,,"2011-09-22,四",11.76,11.96,11.45,11.48,"9,710,893"
yzj300058,,"2011-09-23,五",11.26,11.52,11.16,11.36,"6,176,275"
yzj300058,,"2011-09-26,一",11.34,11.69,11.25,11.3,"4,516,460"
yzj300058,,"2011-09-27,二",11.24,11.58,11.24,11.48,"4,230,634"
yzj300058,,"2011-09-28,三",11.52,11.57,11.14,11.14,"5,333,384"
yzj300058,,"2011-09-29,四",10.94,11.2,10.7,10.74,"7,286,196"
yzj300058,,"2011-09-30,五",10.74,10.89,10.58,10.66,"3,344,464"
yzj300058,,"2011-10-10,一",10.67,10.94,10.6,10.7,"3,600,461"
yzj300058,,"2011-10-11,二",11,11.09,10.62,10.75,"5,242,694"
yzj300058,,"2011-10-12,三",10.74,11.2,10.59,11.2,"7,781,526"
yzj300058,,"2011-10-13,四",11.15,11.65,11.11,11.57,"13,251,477"
yzj300058,,"2011-10-14,五",11.5,11.97,11.42,11.69,"17,276,265"
yzj300058,,"2011-10-17,一",11.6,11.7,11.46,11.7,"12,043,404"
yzj300058,,"2011-10-18,二",11.54,11.85,11.25,11.27,"12,779,466"
yzj300058,,"2011-10-19,三",11.38,11.44,11.08,11.14,"8,088,493"
yzj300058,,"2011-10-20,四",11.09,11.17,10.5,10.87,"10,685,836"
yzj300058,,"2011-10-21,五",10.86,10.95,10.38,10.39,"5,667,277"
yzj300058,,"2011-10-24,一",10.3,10.54,10.1,10.5,"8,265,574"
yzj300058,,"2011-10-25,二",10.35,10.8,10.3,10.77,"26,721,900"
yzj300058,,"2011-10-26,三",10.71,11.85,10.65,11.85,"50,639,073"
yzj300058,,"2011-10-27,四",12.1,12.17,11.35,11.47,"52,036,835"
yzj300058,,"2011-10-28,五",11.6,11.77,11.38,11.71,"37,085,393"
yzj300058,,"2011-10-31,一",11.61,12.28,11.61,12,"40,402,477"
yzj300058,,"2011-11-01,二",11.82,12.21,11.71,12.06,"33,930,497"
yzj300058,,"2011-11-02,三",11.83,12.82,11.65,12.55,"55,502,181"
yzj300058,,"2011-11-03,四",12.55,13.48,12.31,12.36,"65,634,183"
yzj300058,,"2011-11-04,五",12.52,13.25,12.3,12.93,"65,230,557"
yzj300058,,"2011-11-07,一",12.78,13.12,12.58,12.9,"35,401,211"
yzj300058,,"2011-11-08,二",12.93,13.15,12.34,12.38,"36,169,736"
yzj300058,,"2011-11-09,三",12.4,13.62,12.4,13.62,"85,711,659"
yzj300058,,"2011-11-10,四",13.8,14.98,13.64,14.57,"209,506,650"
yzj300058,,"2011-11-11,五",14.22,14.6,13.97,14.27,"111,798,492"
yzj300058,,"2011-11-14,一",14.35,14.5,14.14,14.48,"80,624,182"
yzj300058,,"2011-11-15,二",14.49,14.49,13.85,14.25,"64,672,235"
yzj300058,,"2011-11-16,三",14.25,14.25,13.45,13.53,"63,557,318"
yzj300058,,"2011-11-17,四",13.62,13.81,13.3,13.3,"66,303,987"
yzj300058,,"2011-11-18,五",13.18,13.18,12.75,12.83,"49,160,929"
yzj300058,,"2011-11-21,一",12.74,13.09,12.63,12.9,"35,450,699"
yzj300058,,"2011-11-22,二",12.71,13.05,12.42,12.7,"42,192,255"
yzj300058,,"2011-11-23,三",12.65,12.82,12.15,12.34,"37,940,418"
yzj300058,,"2011-11-24,四",12.2,12.52,12.15,12.41,"31,040,120"
yzj300058,,"2011-11-25,五",12.35,12.52,11.91,11.91,"32,087,007"
yzj300058,,"2011-11-28,一",12.02,12.1,11.69,11.79,"24,509,213"
yzj300058,,"2011-11-29,二",11.98,12.07,11.78,12.05,"27,753,854"
yzj300058,,"2011-11-30,三",12,12.64,11.07,11.34,"74,394,431"
yzj300058,,"2011-12-01,四",11.74,11.96,11.45,11.5,"43,811,716"
yzj300058,,"2011-12-02,五",11.51,11.51,10.89,10.92,"27,545,455"
yzj300058,,"2011-12-05,一",10.99,10.99,10.5,10.51,"17,099,427"
yzj300058,,"2011-12-06,二",10.55,10.88,10.44,10.8,"18,676,229"
yzj300058,,"2011-12-07,三",10.73,11.23,10.73,11.14,"27,289,810"
yzj300058,,"2011-12-08,四",11.1,11.45,10.7,11.19,"33,897,377"
yzj300058,,"2011-12-09,五",10.96,11.28,10.92,11.08,"15,439,393"
yzj300058,,"2011-12-12,一",11.08,11.19,10.81,10.84,"8,898,140"
yzj300058,,"2011-12-13,二",10.82,10.82,10.3,10.42,"17,798,120"
yzj300058,,"2011-12-14,三",10.47,10.66,10.32,10.36,"10,628,881"
yzj300058,,"2011-12-15,四",10.24,10.64,10,10.42,"19,416,291"
yzj300058,,"2011-12-16,五",10.4,11.1,10.3,11.07,"25,660,540"
yzj300058,,"2011-12-19,一",10.98,11.35,10.75,11.34,"31,166,812"
yzj300058,,"2011-12-20,二",11.3,11.6,10.91,10.94,"24,097,899"
yzj300058,,"2011-12-21,三",11.02,11.34,10.62,10.62,"23,486,676"
yzj300058,,"2011-12-22,四",10.5,10.79,9.9,10.4,"26,561,919"
yzj300058,,"2011-12-23,五",10.1,10.64,10.1,10.38,"19,658,886"
yzj300058,,"2011-12-26,一",10.38,10.6,10.2,10.24,"10,596,125"
yzj300058,,"2011-12-27,二",10.1,10.2,9.71,9.75,"13,948,954"
yzj300058,,"2011-12-28,三",9.7,9.79,9.18,9.54,"12,948,117"
yzj300058,,"2011-12-29,四",9.51,9.62,9.42,9.44,"6,240,146"
yzj300058,,"2011-12-30,五",9.53,9.68,9.48,9.54,"7,854,896"
yzj300058,,"2012-01-04,三",9.69,9.83,9.14,9.14,"9,307,389"
yzj300058,,"2012-01-05,四",9,9.07,8.23,8.23,"19,639,352"
yzj300058,,"2012-01-06,五",8.23,8.28,7.84,8.24,"12,775,110"
yzj300058,,"2012-01-09,一",8.2,8.7,8.07,8.7,"11,422,110"
yzj300058,,"2012-01-10,二",8.69,9.06,8.62,9.02,"17,117,722"
yzj300058,,"2012-01-11,三",9.02,9.92,8.95,9.47,"49,534,761"
yzj300058,,"2012-01-12,四",9.33,9.45,9.1,9.17,"29,839,224"
yzj300058,,"2012-01-13,五",9.13,9.24,8.38,8.45,"20,697,942"
yzj300058,,"2012-01-16,一",8.37,8.4,8.08,8.1,"8,793,162"
yzj300058,,"2012-01-17,二",8.09,8.82,8.02,8.73,"14,777,171"
yzj300058,,"2012-01-18,三",8.71,8.95,8.29,8.29,"13,894,087"
yzj300058,,"2012-01-19,四",8.22,8.62,8.11,8.44,"12,024,822"
yzj300058,,"2012-01-20,五",8.37,8.63,8.37,8.63,"8,613,251"
yzj300058,,"2012-01-30,一",8.63,8.8,8.54,8.56,"9,108,868"
yzj300058,,"2012-01-31,二",8.55,8.6,8.26,8.4,"7,965,454"
yzj300058,,"2012-02-01,三",8.38,8.62,8.31,8.34,"6,577,097"
yzj300058,,"2012-02-02,四",8.39,8.63,8.34,8.6,"7,529,205"
yzj300058,,"2012-02-03,五",8.59,8.92,8.58,8.83,"12,365,935"
yzj300058,,"2012-02-06,一",8.86,8.95,8.77,8.88,"11,683,597"
yzj300058,,"2012-02-07,二",8.85,8.86,8.48,8.55,"10,451,084"
yzj300058,,"2012-02-08,三",8.58,9.4,8.52,9.01,"26,850,889"
yzj300058,,"2012-02-09,四",8.86,9.39,8.85,9.11,"25,539,631"
yzj300058,,"2012-02-10,五",9.09,9.29,9.01,9.15,"13,002,148"
yzj300058,,"2012-02-13,一",9.1,9.39,8.9,9.29,"14,083,430"
yzj300058,,"2012-02-14,二",9.29,9.36,9.15,9.22,"11,433,246"
yzj300058,,"2012-02-15,三",9.16,9.54,9.16,9.51,"20,041,363"
yzj300058,,"2012-02-16,四",9.47,9.9,9.42,9.63,"26,989,909"
yzj300058,,"2012-02-17,五",9.7,9.71,9.23,9.42,"14,259,560"
yzj300058,,"2012-02-20,一",9.6,9.83,9.51,9.52,"20,380,471"
yzj300058,,"2012-02-21,二",9.5,9.7,9.31,9.69,"18,521,992"
yzj300058,,"2012-02-22,三",9.72,10.17,9.62,10.05,"33,533,664"
yzj300058,,"2012-02-23,四",10.05,10.58,9.86,10.16,"30,612,346"
yzj300058,,"2012-02-24,五",10.1,10.46,10.01,10.26,"28,068,021"
yzj300058,,"2012-02-27,一",10.25,10.33,10.05,10.09,"24,575,491"
yzj300058,,"2012-02-28,二",10,10.05,9.66,9.76,"21,879,844"
yzj300058,,"2012-02-29,三",9.75,9.85,9.59,9.61,"12,689,107"
yzj300058,,"2012-03-01,四",9.58,9.85,9.51,9.71,"11,391,228"
yzj300058,,"2012-03-02,五",9.75,9.9,9.72,9.89,"13,597,947"
yzj300058,,"2012-03-05,一",9.98,10.1,9.85,10.01,"16,383,535"
yzj300058,,"2012-03-06,二",10,10.18,9.84,10.17,"24,796,938"
yzj300058,,"2012-03-07,三",10.05,10.3,9.97,9.99,"21,101,768"
yzj300058,,"2012-03-08,四",10.28,10.28,9.97,10.05,"16,062,785"
yzj300058,,"2012-03-09,五",10.2,10.23,10.03,10.19,"17,396,421"
yzj300058,,"2012-03-12,一",10.19,10.28,10.1,10.25,"18,047,402"
yzj300058,,"2012-03-13,二",10.26,10.32,10.18,10.31,"15,524,392"
yzj300058,,"2012-03-14,三",10.34,10.43,9.37,9.63,"29,702,520"
yzj300058,,"2012-03-15,四",9.66,9.79,9.17,9.3,"14,998,696"
yzj300058,,"2012-03-16,五",9.31,9.53,9.29,9.53,"15,227,370"
yzj300058,,"2012-03-19,一",9.63,9.78,9.51,9.76,"11,814,629"
yzj300058,,"2012-03-20,二",9.63,9.68,9.28,9.29,"16,586,611"
yzj300058,,"2012-03-21,三",9.32,9.39,9.1,9.34,"10,018,047"
yzj300058,,"2012-03-22,四",9.3,9.41,9.24,9.31,"7,647,606"
yzj300058,,"2012-03-23,五",9.18,9.27,8.97,9.07,"10,696,195"
yzj300058,,"2012-03-26,一",9.09,9.14,8.98,9.09,"4,257,710"
yzj300058,,"2012-03-27,二",9.13,9.23,9,9.02,"5,820,012"
yzj300058,,"2012-03-28,三",9,9,8.35,8.39,"12,140,029"
yzj300058,,"2012-03-29,四",8.38,8.44,8.15,8.21,"7,024,463"
yzj300058,,"2012-03-30,五",8.21,8.35,8.12,8.2,"4,532,946"
yzj300058,,"2012-04-05,四",8.21,8.47,8.21,8.43,"5,625,309"
yzj300058,,"2012-04-06,五",8.43,8.6,8.37,8.54,"6,773,112"
yzj300058,,"2012-04-09,一",8.5,8.53,8.39,8.39,"6,126,149"
yzj300058,,"2012-04-11,三",8.5,8.71,8.4,8.64,"12,459,196"
yzj300058,,"2012-04-12,四",8.6,8.84,8.56,8.82,"11,161,594"
yzj300058,,"2012-04-13,五",8.92,9.16,8.86,8.87,"13,824,531"
yzj300058,,"2012-04-16,一",8.78,8.96,8.69,8.89,"7,675,041"
yzj300058,,"2012-04-17,二",8.84,8.9,8.6,8.63,"7,968,937"
yzj300058,,"2012-04-18,三",8.67,8.93,8.62,8.86,"8,707,900"
yzj300058,,"2012-04-19,四",8.86,8.95,8.83,8.88,"7,063,733"
yzj300058,,"2012-04-20,五",8.89,9.03,8.85,9.02,"9,736,427"
yzj300058,,"2012-04-23,一",8.97,9.01,8.33,8.33,"18,089,150"
yzj300058,,"2012-04-24,二",8.25,8.35,7.88,8.12,"12,786,024"
yzj300058,,"2012-04-25,三",8.12,8.29,8.03,8.25,"6,612,282"
yzj300058,,"2012-04-26,四",8.26,8.33,8.17,8.25,"4,436,681"
yzj300058,,"2012-04-27,五",8.3,8.35,8.15,8.26,"4,055,878"
yzj300058,,"2012-05-02,三",8.34,8.39,8.29,8.34,"7,770,644"
yzj300058,,"2012-05-03,四",8.25,8.37,8.2,8.36,"5,704,461"
yzj300058,,"2012-05-04,五",8.35,8.61,8.33,8.55,"9,309,366"
yzj300058,,"2012-05-07,一",8.42,8.85,8.42,8.82,"10,367,326"
yzj300058,,"2012-05-08,二",8.8,8.91,8.67,8.79,"13,746,803"
yzj300058,,"2012-05-09,三",8.73,8.77,8.47,8.6,"10,929,670"
yzj300058,,"2012-05-10,四",8.52,8.85,8.52,8.73,"9,057,264"
yzj300058,,"2012-05-11,五",8.79,8.8,8.63,8.63,"7,144,598"
yzj300058,,"2012-05-14,一",8.69,8.78,8.6,8.6,"5,583,221"
yzj300058,,"2012-05-15,二",8.55,8.58,8.37,8.54,"6,852,139"
yzj300058,,"2012-05-16,三",8.4,8.42,8.26,8.27,"5,440,310"
yzj300058,,"2012-05-17,四",8.21,8.48,8.21,8.41,"6,044,854"
yzj300058,,"2012-05-18,五",8.34,8.47,8.32,8.42,"7,248,266"
yzj300058,,"2012-05-21,一",8.42,8.45,8.35,8.41,"3,719,194"
yzj300058,,"2012-05-22,二",8.41,8.53,8.41,8.52,"4,679,799"
yzj300058,,"2012-05-23,三",8.55,8.57,8.36,8.42,"5,354,618"
yzj300058,,"2012-05-24,四",8.36,8.54,8.3,8.39,"5,965,891"
yzj300058,,"2012-05-25,五",8.41,8.44,8,8.15,"7,255,872"
yzj300058,,"2012-05-28,一",8.03,8.22,7.93,8.19,"3,413,539"
yzj300058,,"2012-05-29,二",8.18,8.35,8.15,8.33,"4,485,635"
yzj300058,,"2012-05-30,三",8.31,8.39,8.3,8.32,"4,110,347"
yzj300058,,"2012-05-31,四",8.19,8.46,8.19,8.42,"5,164,338"
yzj300058,,"2012-06-01,五",8.43,8.5,8.32,8.33,"5,016,802"
yzj300058,,"2012-06-04,一",8.2,8.2,8.03,8.04,"6,629,361"
yzj300058,,"2012-06-05,二",8.03,8.15,8,8.15,"4,992,016"
yzj300058,,"2012-06-06,三",8.2,8.97,8.2,8.97,"38,291,331"
yzj300058,,"2012-06-07,四",9.16,9.35,8.92,9.27,"85,723,218"
yzj300058,,"2012-06-08,五",9.13,9.48,9.01,9.03,"58,266,163"
yzj300058,,"2012-06-11,一",8.82,9.93,8.8,9.6,"81,259,310"
yzj300058,,"2012-06-12,二",9.41,9.68,9.33,9.38,"48,545,526"
yzj300058,,"2012-06-13,三",9.37,9.6,9.12,9.6,"41,931,330"
yzj300058,,"2012-06-14,四",9.45,9.55,9.1,9.2,"37,155,606"
yzj300058,,"2012-06-15,五",9.2,9.34,9.08,9.34,"23,037,646"
yzj300058,,"2012-06-18,一",9.37,9.54,9.18,9.44,"31,853,419"
yzj300058,,"2012-06-19,二",9.33,9.4,9.15,9.19,"21,423,669"
yzj300058,,"2012-06-20,三",9.29,9.74,9.2,9.41,"49,453,493"
yzj300058,,"2012-06-21,四",9.3,9.38,8.92,9,"28,974,155"
yzj300058,,"2012-06-25,一",8.88,8.89,8.33,8.38,"21,958,817"
yzj300058,,"2012-06-26,二",8.35,8.6,8.22,8.5,"11,126,955"
yzj300058,,"2012-06-27,三",8.45,8.62,8.4,8.43,"9,070,218"
yzj300058,,"2012-06-28,四",8.49,8.58,8.31,8.43,"9,612,161"
yzj300058,,"2012-06-29,五",8.35,8.65,8.31,8.59,"9,097,170"
yzj300058,,"2012-07-02,一",8.56,8.76,8.55,8.62,"10,414,970"
yzj300058,,"2012-07-03,二",8.64,8.85,8.55,8.83,"14,800,454"
yzj300058,,"2012-07-04,三",8.9,9.14,8.81,8.85,"19,286,782"
yzj300058,,"2012-07-05,四",8.81,8.81,8.44,8.47,"11,376,912"
yzj300058,,"2012-07-06,五",8.5,8.63,8.23,8.63,"11,635,257"
yzj300058,,"2012-07-09,一",8.46,8.53,8.22,8.28,"9,328,562"
yzj300058,,"2012-07-10,二",8.25,8.57,8.21,8.45,"7,629,755"
yzj300058,,"2012-07-11,三",8.38,8.44,8.16,8.37,"5,961,906"
yzj300058,,"2012-07-12,四",8.4,8.59,8.28,8.59,"12,594,200"
yzj300058,,"2012-07-13,五",8.55,8.75,8.47,8.53,"11,611,555"
yzj300058,,"2012-07-16,一",8.53,8.53,8.01,8.13,"10,392,010"
yzj300058,,"2012-07-17,二",8.08,8.4,8.08,8.28,"7,688,435"
yzj300058,,"2012-07-18,三",8.28,8.4,8.08,8.34,"5,415,269"
yzj300058,,"2012-07-19,四",8.31,8.58,8.23,8.44,"8,938,226"
yzj300058,,"2012-07-20,五",8.45,9.28,8.41,9.28,"31,472,248"
yzj300058,,"2012-07-23,一",9.65,9.65,8.86,9.18,"59,973,783"
yzj300058,,"2012-07-24,二",8.96,9.28,8.9,9.2,"25,052,702"
yzj300058,,"2012-07-25,三",9.1,9.14,8.89,8.89,"14,222,923"
yzj300058,,"2012-07-26,四",8.81,8.99,8.73,8.75,"13,224,946"
yzj300058,,"2012-07-27,五",8.79,9.2,8.74,9.08,"26,705,909"
yzj300058,,"2012-07-30,一",9.05,9.13,8.37,8.39,"18,917,167"
yzj300058,,"2012-07-31,二",8.39,8.4,8.02,8.16,"11,142,918"
yzj300058,,"2012-08-01,三",8.13,8.44,8.13,8.41,"8,987,191"
yzj300058,,"2012-08-02,四",8.32,8.8,8.21,8.48,"14,705,964"
yzj300058,,"2012-08-03,五",8.46,8.7,8.33,8.64,"12,881,057"
yzj300058,,"2012-08-06,一",8.52,8.9,8.52,8.8,"20,315,828"
yzj300058,,"2012-08-07,二",8.83,9.08,8.72,8.95,"18,173,144"
yzj300058,,"2012-08-08,三",8.99,9.1,8.72,8.81,"12,647,589"
yzj300058,,"2012-08-09,四",8.87,8.97,8.74,8.92,"11,397,224"
yzj300058,,"2012-08-10,五",8.93,9.07,8.8,9.02,"13,806,560"
yzj300058,,"2012-08-13,一",8.99,8.99,8.76,8.78,"8,492,374"
yzj300058,,"2012-08-14,二",8.73,8.89,8.5,8.88,"15,354,394"
yzj300058,,"2012-08-15,三",8.88,8.9,8.73,8.8,"7,195,868"
yzj300058,,"2012-08-16,四",8.71,8.82,8.56,8.56,"6,943,918"
yzj300058,,"2012-08-17,五",8.56,8.62,8.43,8.55,"4,875,040"
yzj300058,,"2012-08-20,一",8.46,8.68,8.46,8.6,"4,259,190"
yzj300058,,"2012-08-21,二",8.6,9.04,8.54,8.88,"20,525,495"
yzj300058,,"2012-08-22,三",8.93,9.15,8.85,8.95,"22,750,039"
yzj300058,,"2012-08-23,四",8.96,9.32,8.71,9.21,"31,241,825"
yzj300058,,"2012-08-24,五",9.13,9.4,9.01,9.21,"33,786,815"
yzj300058,,"2012-08-27,一",9.06,9.07,8.86,8.91,"20,005,540"
yzj300058,,"2012-08-28,二",8.87,9.05,8.75,8.97,"17,639,299"
yzj300058,,"2012-08-29,三",8.95,9.23,8.81,9.08,"20,083,816"
yzj300058,,"2012-08-30,四",9.08,9.14,8.46,8.59,"15,879,633"
yzj300058,,"2012-08-31,五",8.56,8.78,8.54,8.74,"12,594,240"
yzj300058,,"2012-09-03,一",8.69,8.99,8.6,8.94,"12,100,564"
yzj300058,,"2012-09-04,二",8.86,9.15,8.86,8.98,"19,219,735"
yzj300058,,"2012-09-05,三",8.99,9.42,8.92,9.21,"34,648,766"
yzj300058,,"2012-09-06,四",9.16,9.43,9.09,9.36,"26,727,782"
yzj300058,,"2012-09-07,五",9.42,9.57,9.3,9.4,"43,932,908"
yzj300058,,"2012-09-10,一",9.38,9.57,9.31,9.53,"25,139,892"
yzj300058,,"2012-09-11,二",9.45,9.45,9.26,9.36,"18,453,207"
yzj300058,,"2012-09-12,三",9.39,9.44,9.09,9.3,"23,963,567"
yzj300058,,"2012-09-13,四",9.28,9.69,9.18,9.4,"34,212,303"
yzj300058,,"2012-09-14,五",9.47,9.52,9.18,9.26,"18,124,220"
yzj300058,,"2012-09-17,一",9.2,9.32,8.86,8.86,"15,426,399"
yzj300058,,"2012-09-18,二",8.82,8.98,8.82,8.87,"9,806,501"
yzj300058,,"2012-09-19,三",8.98,9.18,8.87,9.11,"12,988,301"
yzj300058,,"2012-09-20,四",9.08,9.08,8.65,8.7,"11,510,309"
yzj300058,,"2012-09-21,五",8.75,8.75,8.35,8.36,"11,206,444"
yzj300058,,"2012-09-24,一",8.36,8.57,8.21,8.46,"7,142,376"
yzj300058,,"2012-09-25,二",8.45,8.5,8.26,8.31,"4,784,936"
yzj300058,,"2012-09-26,三",8.28,8.37,7.83,7.95,"12,083,695"
yzj300058,,"2012-09-27,四",7.98,8.23,7.92,8.13,"9,653,617"
yzj300058,,"2012-09-28,五",8.1,8.25,8.06,8.24,"7,594,308"
yzj300058,,"2012-10-08,一",8.18,8.3,8.17,8.24,"3,937,161"
yzj300058,,"2012-10-09,二",8.25,8.54,8.25,8.49,"8,286,531"
yzj300058,,"2012-10-10,三",8.46,8.62,8.42,8.61,"8,932,809"
yzj300058,,"2012-10-11,四",8.55,8.59,8.32,8.4,"9,537,033"
yzj300058,,"2012-10-12,五",8.3,8.51,8.25,8.35,"5,120,435"
yzj300058,,"2012-10-15,一",8.36,8.39,8.16,8.28,"3,742,201"
yzj300058,,"2012-10-16,二",8.25,8.44,8.25,8.35,"3,295,751"
yzj300058,,"2012-10-17,三",8.3,8.46,8.29,8.43,"6,767,183"
yzj300058,,"2012-10-18,四",8.42,8.59,8.42,8.53,"8,449,846"
yzj300058,,"2012-10-19,五",8.55,8.58,8.41,8.54,"4,206,193"
yzj300058,,"2012-10-22,一",8.51,8.55,8.4,8.54,"3,659,497"
yzj300058,,"2012-10-23,二",8.5,8.54,8.36,8.36,"5,596,822"
yzj300058,,"2012-10-24,三",8.31,8.35,8.17,8.31,"3,825,688"
yzj300058,,"2012-10-25,四",8.35,8.35,8.17,8.19,"4,254,511"
yzj300058,,"2012-10-26,五",8.17,8.22,7.97,8.04,"3,897,176"
yzj300058,,"2012-10-29,一",7.97,8.12,7.95,8.12,"1,509,394"
yzj300058,,"2012-10-30,二",8.12,8.15,8.05,8.13,"1,816,803"
yzj300058,,"2012-10-31,三",8.08,8.12,8,8.11,"1,993,109"
yzj300058,,"2012-11-01,四",8.13,8.25,8.13,8.2,"2,689,164"
yzj300058,,"2012-11-02,五",8.19,8.26,8.16,8.26,"2,764,307"
yzj300058,,"2012-11-05,一",8.26,8.26,8.05,8.15,"1,784,621"
yzj300058,,"2012-11-06,二",8.09,8.15,7.95,8.05,"3,267,327"
yzj300058,,"2012-11-07,三",8.1,8.14,8.02,8.14,"2,470,489"
yzj300058,,"2012-11-08,四",8.08,8.15,7.9,7.9,"3,818,459"
yzj300058,,"2012-11-09,五",7.91,7.97,7.73,7.79,"3,127,102"
yzj300058,,"2012-11-12,一",7.82,7.95,7.78,7.87,"5,805,237"
yzj300058,,"2012-11-13,二",7.9,7.9,7.51,7.6,"7,505,340"
yzj300058,,"2012-11-14,三",7.58,7.7,7.41,7.5,"7,207,700"
yzj300058,,"2012-11-15,四",7.48,7.48,7.18,7.2,"5,649,289"
yzj300058,,"2012-11-16,五",7.18,7.38,7.11,7.31,"4,513,654"
yzj300058,,"2012-11-19,一",7.24,7.35,7.21,7.34,"1,446,838"
yzj300058,,"2012-11-20,二",7.4,7.53,7.32,7.38,"3,221,289"
yzj300058,,"2012-11-21,三",7.38,7.49,7.31,7.47,"3,310,026"
yzj300058,,"2012-11-22,四",7.47,7.47,7.4,7.44,"2,111,460"
yzj300058,,"2012-11-23,五",7.43,7.5,7.4,7.45,"2,293,054"
yzj300058,,"2012-11-26,一",7.38,7.44,7.2,7.22,"1,702,811"
yzj300058,,"2012-11-27,二",7.2,7.25,6.93,6.94,"3,123,071"
yzj300058,,"2012-11-28,三",6.94,6.94,6.76,6.8,"2,524,219"
yzj300058,,"2012-11-29,四",6.9,6.9,6.66,6.67,"2,699,784"
yzj300058,,"2012-11-30,五",6.67,6.78,6.6,6.73,"1,681,333"
yzj300058,,"2012-12-03,一",6.62,6.79,6.53,6.55,"1,435,485"
yzj300058,,"2012-12-04,二",6.55,6.67,6.45,6.66,"2,366,474"
yzj300058,,"2012-12-05,三",6.65,6.93,6.63,6.85,"5,055,809"
yzj300058,,"2012-12-06,四",6.9,6.97,6.82,6.84,"3,029,267"
yzj300058,,"2012-12-07,五",6.84,7.02,6.76,6.99,"4,475,467"
yzj300058,,"2012-12-10,一",6.99,7.12,6.95,7.11,"4,005,659"
yzj300058,,"2012-12-11,二",7.06,7.06,6.94,6.94,"4,729,123"
yzj300058,,"2012-12-12,三",6.99,7.04,6.83,6.9,"4,348,612"
yzj300058,,"2012-12-13,四",6.92,6.97,6.8,6.82,"3,619,158"
yzj300058,,"2012-12-14,五",6.81,7.09,6.8,7.08,"7,341,002"
yzj300058,,"2012-12-17,一",7.09,7.19,7.02,7.13,"7,457,802"
yzj300058,,"2012-12-18,二",7.1,7.2,7.07,7.1,"4,776,736"
yzj300058,,"2012-12-19,三",7.1,7.22,7.08,7.16,"4,197,261"
yzj300058,,"2012-12-20,四",7.13,7.22,7.12,7.2,"5,038,725"
yzj300058,,"2012-12-21,五",7.2,7.92,7.14,7.8,"33,508,854"
yzj300058,,"2012-12-24,一",7.6,8.45,7.58,8.28,"37,317,240"
yzj300058,,"2012-12-25,二",8.15,8.96,8.02,8.27,"63,021,554"
yzj300058,,"2012-12-26,三",8.17,8.24,7.94,8.19,"30,834,734"
yzj300058,,"2012-12-27,四",8.11,8.14,7.75,7.77,"26,980,844"
yzj300058,,"2012-12-28,五",7.75,7.96,7.75,7.89,"12,653,260"
yzj300058,,"2012-12-31,一",7.88,7.92,7.81,7.83,"9,283,365"
yzj300058,,"2013-01-04,五",7.89,7.98,7.77,7.95,"13,055,868"
yzj300058,,"2013-01-07,一",7.91,8.05,7.83,8.04,"10,936,760"
yzj300058,,"2013-01-08,二",8,8.09,7.91,8.02,"15,169,721"
yzj300058,,"2013-01-09,三",8,8.09,7.86,7.95,"13,474,610"
yzj300058,,"2013-01-10,四",7.98,8.26,7.88,8.11,"18,234,632"
yzj300058,,"2013-01-11,五",8.12,8.15,7.85,7.88,"14,736,513"
yzj300058,,"2013-01-14,一",7.86,8.1,7.85,8.06,"14,890,288"
yzj300058,,"2013-01-15,二",8.1,8.37,8.06,8.25,"20,340,717"
yzj300058,,"2013-01-16,三",8.27,8.27,8.05,8.16,"12,217,042"
yzj300058,,"2013-01-17,四",8.1,8.2,8.06,8.1,"8,649,056"
yzj300058,,"2013-01-18,五",8.1,8.2,8.07,8.18,"9,976,916"
yzj300058,,"2013-01-21,一",8.18,8.29,8.15,8.25,"9,882,635"
yzj300058,,"2013-01-22,二",8.24,8.29,7.91,7.97,"11,533,078"
yzj300058,,"2013-01-23,三",7.96,8.03,7.76,7.87,"10,467,737"
yzj300058,,"2013-01-24,四",7.85,7.97,7.66,7.7,"7,908,822"
yzj300058,,"2013-01-25,五",7.7,7.79,7.68,7.71,"3,563,672"
yzj300058,,"2013-01-28,一",7.63,7.86,7.63,7.85,"5,209,678"
yzj300058,,"2013-01-29,二",7.83,7.97,7.8,7.94,"5,732,688"
yzj300058,,"2013-01-30,三",7.92,7.97,7.83,7.94,"5,356,642"
yzj300058,,"2013-01-31,四",7.89,7.96,7.86,7.9,"4,063,249"
yzj300058,,"2013-02-01,五",7.93,8.08,7.91,8.04,"6,693,763"
yzj300058,,"2013-02-04,一",8.02,8.11,7.91,7.95,"6,050,972"
yzj300058,,"2013-02-05,二",7.94,8.26,7.87,8.12,"8,381,503"
yzj300058,,"2013-02-06,三",8.2,8.21,8.08,8.1,"6,159,940"
yzj300058,,"2013-02-07,四",8.06,8.12,8,8.08,"5,430,056"
yzj300058,,"2013-02-08,五",8.11,8.19,8.11,8.14,"5,682,051"
yzj300058,,"2013-02-18,一",8.25,8.27,8.1,8.19,"8,602,398"
yzj300058,,"2013-02-19,二",8.19,8.22,8.06,8.09,"6,223,999"
yzj300058,,"2013-02-20,三",8.05,8.48,8.05,8.41,"20,430,295"
yzj300058,,"2013-02-21,四",8.39,8.41,8.08,8.15,"13,576,162"
yzj300058,,"2013-02-22,五",8.1,8.25,8.1,8.15,"6,099,936"
yzj300058,,"2013-02-25,一",8.11,8.23,8.11,8.17,"5,250,120"
yzj300058,,"2013-02-26,二",8.13,8.29,8.05,8.05,"8,694,019"
yzj300058,,"2013-02-27,三",8.07,8.18,7.85,7.94,"5,635,015"
yzj300058,,"2013-02-28,四",7.96,8.11,7.89,8.09,"5,546,397"
yzj300058,,"2013-03-01,五",8.13,8.34,8.08,8.26,"11,910,105"
yzj300058,,"2013-03-04,一",8.3,8.39,8.16,8.39,"21,963,489"
yzj300058,,"2013-03-05,二",8.47,8.48,8.3,8.4,"18,233,920"
yzj300058,,"2013-03-06,三",8.4,8.77,8.33,8.69,"20,994,019"
yzj300058,,"2013-03-07,四",8.65,8.65,8.32,8.42,"13,022,101"
yzj300058,,"2013-03-08,五",8.42,8.61,8.38,8.43,"7,650,436"
yzj300058,,"2013-03-11,一",8.48,8.5,8.33,8.4,"5,406,242"
yzj300058,,"2013-03-12,二",8.4,8.45,7.95,8.08,"8,919,154"
yzj300058,,"2013-03-13,三",8.02,8.16,7.77,7.78,"12,235,904"
yzj300058,,"2013-03-14,四",7.78,7.94,7.74,7.87,"7,333,714"
yzj300058,,"2013-03-15,五",7.88,8.05,7.76,7.89,"6,063,452"
yzj300058,,"2013-03-18,一",7.95,7.95,7.71,7.74,"3,389,820"
yzj300058,,"2013-03-19,二",7.65,7.77,7.5,7.66,"5,449,431"
yzj300058,,"2013-03-20,三",7.62,7.86,7.62,7.84,"6,854,038"
yzj300058,,"2013-03-21,四",7.83,7.95,7.82,7.91,"8,099,767"
yzj300058,,"2013-03-22,五",7.93,7.94,7.84,7.91,"4,235,775"
yzj300058,,"2013-03-25,一",7.89,7.98,7.86,7.91,"4,355,699"
yzj300058,,"2013-03-26,二",7.91,8.08,7.71,7.99,"11,425,032"
yzj300058,,"2013-03-27,三",7.98,8.02,7.87,7.94,"4,672,051"
yzj300058,,"2013-03-28,四",7.94,7.94,7.65,7.66,"3,894,757"
yzj300058,,"2013-03-29,五",7.66,7.74,7.63,7.66,"2,253,815"
yzj300058,,"2013-04-01,一",7.69,7.77,7.67,7.74,"3,127,142"
yzj300058,,"2013-04-02,二",7.73,7.77,7.59,7.65,"2,267,482"
yzj300058,,"2013-04-03,三",7.65,7.73,7.56,7.57,"1,852,769"
yzj300058,,"2013-04-08,一",7.48,7.58,7.19,7.57,"3,199,147"
yzj300058,,"2013-04-09,二",7.56,7.71,7.5,7.69,"4,427,629"
yzj300058,,"2013-04-10,三",7.69,7.89,7.68,7.78,"8,313,604"
yzj300058,,"2013-04-11,四",7.73,7.92,7.73,7.92,"7,334,046"
yzj300058,,"2013-04-12,五",7.92,8.06,7.78,7.78,"7,188,158"
yzj300058,,"2013-04-15,一",7.87,8.08,7.71,7.91,"7,614,655"
yzj300058,,"2013-04-16,二",7.86,8.42,7.86,8.33,"28,028,006"
yzj300058,,"2013-04-17,三",8.4,8.4,8.22,8.29,"12,862,359"
yzj300058,,"2013-04-18,四",8.34,8.52,8.31,8.43,"12,521,027"
yzj300058,,"2013-04-19,五",8.35,8.72,8.27,8.66,"21,384,205"
yzj300058,,"2013-04-22,一",8.58,8.69,8.38,8.55,"11,874,358"
yzj300058,,"2013-04-23,二",8.55,9.15,8.51,8.6,"25,344,946"
yzj300058,,"2013-04-24,三",8.59,8.95,8.48,8.91,"26,626,149"
yzj300058,,"2013-04-25,四",8.91,9.3,8.87,8.92,"21,603,201"
yzj300058,,"2013-04-26,五",8.9,9.25,8.73,9,"18,950,366"
yzj300058,,"2013-05-02,四",9.04,9.26,8.91,9.22,"10,014,234"
yzj300058,,"2013-05-03,五",9.22,9.63,9.11,9.52,"17,138,090"
yzj300058,,"2013-05-06,一",9.5,9.98,9.38,9.6,"26,217,762"
yzj300058,,"2013-05-07,二",9.58,9.67,8.98,9.07,"34,555,461"
yzj300058,,"2013-05-08,三",9.08,9.21,8.7,9.14,"44,340,559"
yzj300058,,"2013-05-09,四",8.97,9.21,8.81,9.2,"28,925,865"
yzj300058,,"2013-05-10,五",9.19,9.56,9.08,9.54,"44,177,620"
yzj300058,,"2013-05-13,一",9.53,10.25,9.45,10.1,"52,853,841"
yzj300058,,"2013-05-14,二",10.06,10.3,9.85,10.19,"21,824,330"
yzj300058,,"2013-05-15,三",10.2,10.45,9.9,10.32,"17,676,133"
yzj300058,,"2013-05-16,四",10.3,10.5,9.7,9.85,"29,992,758"
yzj300058,,"2013-05-17,五",9.77,10.1,9.77,10.07,"24,861,270"
yzj300058,,"2013-05-20,一",10.05,11.08,10.05,10.85,"50,260,567"
yzj300058,,"2013-05-21,二",10.76,11.16,10.52,11.15,"23,149,141"
yzj300058,,"2013-05-22,三",11,11.24,10.75,11.09,"29,501,949"
yzj300058,,"2013-05-23,四",10.89,11.75,10.78,11.51,"33,228,137"
yzj300058,,"2013-05-27,一",11.9,12.55,11.6,12.3,"43,284,799"
yzj300058,,"2013-05-28,二",12,12.5,11.82,11.87,"32,437,959"
yzj300058,,"2013-05-29,三",11.88,12.18,11.88,12.11,"14,040,853"
yzj300058,,"2013-05-30,四",12.3,13.32,12.3,13.32,"38,890,344"
yzj300058,,"2013-05-31,五",13.5,13.96,13.1,13.6,"37,850,641"
yzj300058,,"2013-06-03,一",13.4,13.49,12.6,12.95,"28,904,051"
yzj300058,,"2013-06-04,二",12.95,13,12.31,12.45,"23,721,559"
yzj300058,,"2013-06-05,三",12.3,12.85,12.3,12.51,"23,876,045"
yzj300058,,"2013-06-06,四",12.58,13.29,12.38,12.9,"19,317,684"
yzj300058,,"2013-06-07,五",12.91,13,12.32,12.88,"18,501,342"
yzj300058,,"2013-06-13,四",12.49,12.49,11.59,12.33,"25,801,906"
yzj300058,,"2013-06-14,五",12.1,13.4,12.1,13.25,"41,955,170"
yzj300058,,"2013-06-17,一",13.25,13.9,13.07,13.14,"38,018,973"
yzj300058,,"2013-06-18,二",13,13.7,13,13.5,"23,820,987"
yzj300058,,"2013-06-19,三",13.33,13.59,13.16,13.38,"10,759,363"
yzj300058,,"2013-06-20,四",13.23,13.4,12.61,12.7,"13,522,230"
yzj300058,,"2013-06-21,五",12.57,12.57,11.6,12.5,"12,818,180"
yzj300058,,"2013-06-24,一",12.35,12.35,11.25,11.25,"24,937,711"
yzj300058,,"2013-06-25,二",11.19,11.73,10.3,11.4,"21,514,730"
yzj300058,,"2013-06-26,三",11.4,12.35,11.11,12.32,"21,961,623"
yzj300058,,"2013-06-27,四",12.3,12.4,11.57,11.58,"34,003,457"
yzj300058,,"2013-06-28,五",11.58,12.45,11.25,12.31,"27,707,708"
yzj300058,,"2013-07-01,一",12.31,13.3,12.1,13.26,"30,150,732"
yzj300058,,"2013-07-02,二",13.13,14.59,13.03,13.82,"87,082,856"
yzj300058,,"2013-07-03,三",13.81,14.15,13.45,14.01,"51,062,166"
yzj300058,,"2013-07-04,四",13.9,15.39,13.9,14.8,"76,328,443"
yzj300058,,"2013-07-05,五",14.75,15.3,14.29,14.29,"56,618,471"
yzj300058,,"2013-07-08,一",14,14.9,13.4,14,"30,908,029"
yzj300058,,"2013-07-09,二",13.97,14.88,13.9,14.7,"28,148,076"
yzj300058,,"2013-07-10,三",14.68,15.15,14.16,14.2,"35,204,837"
yzj300058,,"2013-07-11,四",14.38,14.38,13.45,14.03,"76,816,369"
yzj300058,,"2013-07-12,五",13.86,14.8,13.81,14.6,"48,113,818"
yzj300058,,"2013-07-15,一",14.31,15.15,13.85,14.99,"51,288,374"
yzj300058,,"2013-07-16,二",14.87,14.98,14.4,14.68,"43,108,746"
yzj300058,,"2013-07-17,三",14.67,15.25,14.42,14.7,"31,713,687"
yzj300058,,"2013-07-18,四",14.73,14.97,14.24,14.25,"28,330,931"
yzj300058,,"2013-07-19,五",14.24,14.58,13.72,13.81,"27,253,145"
yzj300058,,"2013-07-22,一",13.8,14.4,13.41,14.38,"34,174,425"
yzj300058,,"2013-07-23,二",14.36,14.88,14.36,14.68,"35,605,632"
yzj300058,,"2013-07-24,三",14.42,15,14.01,14.95,"54,485,465"
yzj300058,,"2013-07-25,四",14.88,14.9,14,14.11,"24,460,037"
yzj300058,,"2013-07-26,五",14.31,14.48,13.7,14.21,"12,953,370"
yzj300058,,"2013-07-29,一",14.21,14.43,13.81,13.94,"9,329,628"
yzj300058,,"2013-07-30,二",13.94,14.27,13,13.53,"23,908,698"
yzj300058,,"2013-07-31,三",13.53,13.95,13.3,13.51,"9,234,526"
yzj300058,,"2013-08-01,四",13.51,13.78,13.33,13.74,"22,880,270"
yzj300058,,"2013-08-02,五",13.7,14.18,13.61,14.06,"44,631,859"
yzj300058,,"2013-08-05,一",13.85,14.5,13.73,13.98,"37,484,053"
yzj300058,,"2013-08-06,二",14,14.73,13.78,14.68,"91,119,283"
yzj300058,,"2013-08-07,三",14.6,14.63,13.91,14.25,"54,077,928"
yzj300058,,"2013-08-08,四",14.09,14.09,13.73,13.89,"16,072,061"
yzj300058,,"2013-08-09,五",13.75,14.1,13.15,13.49,"17,310,605"
yzj300058,,"2013-08-12,一",13.52,13.55,13.1,13.44,"14,333,358"
yzj300058,,"2013-08-13,二",13.25,13.67,13.25,13.47,"9,353,808"
yzj300058,,"2013-08-14,三",13.44,14.11,13.35,13.99,"26,771,594"
yzj300058,,"2013-08-15,四",13.99,14.26,13.82,13.86,"22,047,984"
yzj300058,,"2013-08-16,五",13.73,13.99,13.15,13.3,"13,928,435"
yzj300058,,"2013-08-19,一",13.29,13.65,13.1,13.57,"20,426,357"
yzj300058,,"2013-08-20,二",13.7,13.72,13.38,13.46,"22,076,132"
yzj300058,,"2013-08-21,三",13.58,13.72,13.34,13.38,"19,051,327"
yzj300058,,"2013-08-22,四",13.47,13.49,13.22,13.4,"17,491,388"
yzj300058,,"2013-08-23,五",13.45,13.88,13.3,13.8,"35,234,661"
yzj300058,,"2013-08-26,一",13.79,14.95,13.68,14.4,"52,941,668"
yzj300058,,"2013-08-27,二",14.4,14.77,14.25,14.4,"44,801,213"
yzj300058,,"2013-08-28,三",14.4,14.76,14.3,14.54,"35,369,431"
yzj300058,,"2013-08-29,四",14.65,14.74,13.91,14.44,"18,716,463"
yzj300058,,"2013-08-30,五",14.25,14.57,13.13,13.4,"38,003,986"
yzj300058,,"2013-09-02,一",13.41,14.13,13.41,13.98,"30,777,522"
yzj300058,,"2013-09-03,二",14.15,14.15,13.72,13.92,"13,806,526"
yzj300058,,"2013-09-04,三",14.02,14.17,13.82,14.11,"14,984,434"
yzj300058,,"2013-09-05,四",14.12,14.81,14,14.38,"34,049,191"
yzj300058,,"2013-09-06,五",14.41,15.82,14.41,15.82,"36,079,864"
yzj300058,,"2013-09-09,一",16.5,17.4,15.99,17.4,"130,163,327"
yzj300058,,"2013-09-10,二",17.7,17.85,16.94,17.18,"76,167,190"
yzj300058,,"2013-09-11,三",16.89,17.19,15.6,15.85,"46,585,227"
yzj300058,,"2013-09-12,四",15.7,17.44,15.7,17.44,"56,978,338"
yzj300058,,"2013-09-13,五",17.6,18.95,17.44,18.55,"91,089,121"
yzj300058,,"2013-09-16,一",18.55,18.99,17.99,18.2,"50,986,463"
yzj300058,,"2013-09-17,二",18.2,20.02,17.8,20.02,"71,628,427"
yzj300058,,"2013-09-18,三",20,21.93,19.42,21.45,"96,162,756"
yzj300058,,"2013-09-23,一",21.21,22.47,20.81,21.58,"113,054,590"
yzj300058,,"2013-09-24,二",21.33,22.49,21.15,21.81,"74,789,453"
yzj300058,,"2013-09-25,三",21.83,23.99,21.5,23.99,"95,199,110"
yzj300058,,"2013-09-26,四",24.2,26.39,24.01,26.36,"103,205,463"
yzj300058,,"2013-09-27,五",25.66,26.3,25.05,25.66,"84,829,133"
yzj300058,,"2013-09-30,一",26.88,26.88,25.16,26.05,"58,666,974"
yzj300058,,"2013-10-08,二",26.13,26.37,24.5,25.85,"71,517,365"
yzj300058,,"2013-10-09,三",25.7,28.05,25.08,27.1,"78,513,927"
yzj300058,,"2013-10-10,四",26.53,27.35,24.41,24.41,"70,821,683"
yzj300058,,"2013-10-11,五",24.94,26.29,23.85,25.1,"79,984,516"
yzj300058,,"2013-10-14,一",24.8,25.65,24.5,25.21,"47,342,150"
yzj300058,,"2013-10-15,二",24.99,25,23.85,24.03,"41,496,106"
yzj300058,,"2013-10-16,三",24.19,24.49,21.7,22.02,"46,449,756"
yzj300058,,"2013-10-17,四",22.23,23.26,21.45,21.45,"44,658,289"
yzj300058,,"2013-10-18,五",21.62,22.83,21.45,22.06,"32,672,251"
yzj300058,,"2013-10-21,一",22.28,23.2,21.58,22.71,"33,916,853"
yzj300058,,"2013-10-22,二",22.66,22.69,20.6,20.88,"51,282,793"
yzj300058,,"2013-10-23,三",20.86,21.2,19.52,20.34,"32,803,171"
yzj300058,,"2013-10-24,四",19.98,21.88,19.98,21.34,"28,589,179"
yzj300058,,"2013-10-25,五",21.25,21.68,19.52,19.95,"22,751,392"
yzj300058,,"2013-10-28,一",19.98,20.38,19.95,19.97,"23,764,552"
yzj300058,,"2013-10-29,二",19.88,20.7,18,19.99,"27,536,567"
yzj300058,,"2013-10-30,三",20.28,20.88,19.7,20.8,"21,259,388"
yzj300058,,"2013-10-31,四",21.05,21.05,19.74,19.76,"14,599,459"
yzj300058,,"2013-11-01,五",19.76,19.76,18.53,19.08,"17,562,275"
yzj300058,,"2013-11-04,一",19,19.88,18.55,19.5,"11,253,791"
yzj300058,,"2013-11-05,二",19.5,20.97,19.33,20.89,"23,433,411"
yzj300058,,"2013-11-06,三",20.53,22.44,20.53,21.72,"35,797,660"
yzj300058,,"2013-11-07,四",21.61,23.5,21.61,23.24,"46,575,745"
yzj300058,,"2013-11-08,五",23.02,24.15,22.7,23.35,"45,874,845"
yzj300058,,"2013-11-11,一",23.55,24.13,22.5,23.6,"27,745,356"
yzj300058,,"2013-11-12,二",23.11,23.5,21.99,22.2,"25,674,922"
yzj300058,,"2013-11-13,三",22.28,22.67,20,20.41,"25,375,023"
yzj300058,,"2013-11-14,四",20.14,21.86,20.14,21.86,"26,787,402"
yzj300058,,"2013-11-15,五",21.69,23.27,21.5,22.45,"34,684,594"
yzj300058,,"2013-11-18,一",22.58,24.7,22.58,24.7,"72,589,565"
yzj300058,,"2013-11-19,二",24.77,25.01,24.11,25.01,"42,535,327"
yzj300058,,"2013-11-20,三",25.37,26.49,24.35,25.79,"69,266,440"
yzj300058,,"2013-11-21,四",25.81,26.38,24.5,25.49,"32,973,025"
yzj300058,,"2013-11-22,五",25.57,25.75,24.31,25,"23,663,326"
yzj300058,,"2013-11-25,一",24.6,25.75,24.6,25.64,"35,513,914"
yzj300058,,"2013-11-26,二",25.8,26.5,25.11,25.58,"27,805,220"
yzj300058,,"2013-11-27,三",25.06,25.99,24.5,25.02,"64,108,429"
yzj300058,,"2013-11-28,四",25.2,25.2,24.3,24.4,"31,667,368"
yzj300058,,"2013-11-29,五",24.72,25.5,24.39,24.98,"31,466,348"
yzj300058,,"2013-12-02,一",23.74,23.74,22.48,22.48,"46,776,414"
yzj300058,,"2013-12-03,二",21.7,23,20.23,22.64,"27,536,460"
yzj300058,,"2013-12-04,三",22.68,23.23,21.9,21.98,"17,512,536"
yzj300058,,"2013-12-05,四",21.79,22,20.58,21.75,"22,497,197"
yzj300058,,"2013-12-06,五",21.6,21.85,21.27,21.69,"7,792,404"
yzj300058,,"2013-12-09,一",21.5,22.45,21.5,22.05,"17,264,238"
yzj300058,,"2013-12-10,二",22.18,22.35,21.52,21.75,"8,389,630"
yzj300058,,"2013-12-11,三",21.99,22.45,21.6,22.26,"11,026,811"
yzj300058,,"2013-12-12,四",22.26,22.99,22.26,22.88,"11,769,556"
yzj300058,,"2013-12-13,五",22.8,23.6,22.6,23.32,"10,449,210"
yzj300058,,"2013-12-16,一",22.55,23.49,22.55,23.15,"11,208,746"
yzj300058,,"2013-12-17,二",23.06,23.39,23.05,23.32,"8,262,303"
yzj300058,,"2013-12-18,三",23.28,23.98,22.8,23.8,"10,810,930"
yzj300058,,"2013-12-19,四",23.94,23.94,23.08,23.59,"12,942,243"
yzj300058,,"2013-12-20,五",23.69,23.78,23.16,23.21,"6,275,081"
yzj300058,,"2013-12-23,一",23.24,23.99,23.01,23.92,"17,230,855"
yzj300058,,"2013-12-24,二",23.95,26.31,23.9,26.31,"55,950,923"
yzj300058,,"2013-12-25,三",27,28.94,26.29,28.94,"60,278,573"
yzj300058,,"2013-12-26,四",29.97,30,27.5,28.2,"93,263,620"
yzj300058,,"2013-12-27,五",28.6,28.64,27.57,28.64,"49,485,898"
yzj300058,,"2013-12-30,一",28.65,29.11,28.07,28.69,"34,515,811"
yzj300058,,"2013-12-31,二",28.4,28.42,27.23,28,"34,049,643"
yzj300058,,"2014-01-02,四",27.9,29.03,27.33,28.91,"21,685,557"
yzj300058,,"2014-01-03,五",28.55,29.96,27.6,29.6,"29,136,853"
yzj300058,,"2014-01-06,一",29,29.85,27.5,27.7,"62,200,784"
yzj300058,,"2014-01-07,二",27.7,27.7,26.01,27.28,"24,646,446"
yzj300058,,"2014-01-08,三",27.28,28.35,26.9,27.21,"20,094,615"
yzj300058,,"2014-01-09,四",27.21,27.56,26.56,26.57,"14,215,921"
yzj300058,,"2014-01-10,五",26.53,29.23,26.53,27.7,"62,126,962"
yzj300058,,"2014-01-13,一",27.31,29.1,27.31,29.08,"31,442,656"
yzj300058,,"2014-01-14,二",29.05,29.82,28.3,29.3,"37,101,061"
yzj300058,,"2014-01-15,三",29.3,29.48,28.5,29.22,"22,266,404"
yzj300058,,"2014-01-16,四",29,31.5,29,29.21,"37,898,447"
yzj300058,,"2014-01-17,五",29.2,29.5,28.32,29.28,"15,893,703"
yzj300058,,"2014-01-20,一",29.2,29.2,27.5,27.72,"20,619,332"
yzj300058,,"2014-01-21,二",27.72,28.24,26.8,27.68,"17,575,109"
yzj300058,,"2014-01-22,三",27.57,29.78,27.57,29.54,"39,486,463"
yzj300058,,"2014-05-23,五",13.3,14.58,13.3,14.28,"152,353,500"
yzj300058,,"2014-05-26,一",13.7,15.71,13.7,15.71,"68,371,506"
yzj300058,,"2014-05-27,二",16.68,17.28,15.8,16.68,"186,065,260"
yzj300058,,"2014-05-28,三",16.34,18.35,16.1,18.35,"247,135,480"
yzj300058,,"2014-05-29,四",18.35,18.45,17.46,17.89,"170,051,860"
yzj300058,,"2014-05-30,五",17.71,18.06,16.9,17.5,"105,354,403"
yzj300058,,"2014-06-03,二",17.5,17.5,16.85,17,"63,075,598"
yzj300058,,"2014-06-04,三",16.92,17.47,16.35,16.95,"61,904,347"
yzj300058,,"2014-06-05,四",16.83,17.22,16.52,17.1,"62,613,049"
yzj300058,,"2014-06-06,五",17.1,17.53,16.36,16.4,"69,088,366"
yzj300058,,"2014-06-09,一",16.52,17.15,16.04,16.73,"55,118,867"
yzj300058,,"2014-06-10,二",16.64,17.28,16.3,16.93,"76,965,551"
yzj300058,,"2014-06-11,三",16.7,16.94,16.21,16.64,"46,965,425"
yzj300058,,"2014-06-12,四",16.39,17.09,16.26,17.03,"51,514,163"
yzj300058,,"2014-06-13,五",17.01,17.06,16.51,16.84,"85,980,271"
yzj300058,,"2014-06-16,一",17,18.42,16.71,17.74,"139,865,740"
yzj300058,,"2014-06-17,二",17.33,17.59,16.38,16.66,"106,690,708"
yzj300058,,"2014-06-18,三",16.6,16.69,15.71,15.9,"65,434,651"
yzj300058,,"2014-06-19,四",15.91,15.91,14.78,15.11,"58,776,233"
yzj300058,,"2014-06-20,五",15.48,15.7,15.12,15.65,"29,578,563"
yzj300058,,"2014-06-23,一",15.65,16.2,15.56,15.96,"27,789,278"
yzj300058,,"2014-06-24,二",16.01,16.13,15.4,15.7,"28,055,874"
yzj300058,,"2014-06-25,三",15.7,15.8,15,15.29,"32,759,261"
yzj300058,,"2014-06-26,四",15.49,15.99,15.3,15.66,"40,884,689"
yzj300058,,"2014-06-27,五",15.67,16.15,15.61,15.74,"36,047,216"
yzj300058,,"2014-06-30,一",17,17.31,16.8,17.31,"157,111,560"
yzj300058,,"2014-07-01,二",17.25,18.56,16.82,18.03,"191,891,130"
yzj300058,,"2014-07-02,三",18.03,18.55,17.5,18.21,"94,896,885"
yzj300058,,"2014-07-03,四",18.2,18.48,17.7,18,"80,361,648"
yzj300058,,"2014-07-04,五",18.19,18.19,17.55,17.72,"49,319,391"
yzj300058,,"2014-07-07,一",17.7,17.7,17,17.13,"62,891,025"
yzj300058,,"2014-07-08,二",17.29,17.89,17.05,17.86,"56,487,240"
yzj300058,,"2014-07-09,三",17.8,17.92,17.11,17.2,"50,045,343"
yzj300058,,"2014-07-10,四",17.4,17.49,16.21,16.77,"65,939,372"
yzj300058,,"2014-07-11,五",16.77,16.77,16.26,16.29,"34,825,254"
yzj300058,,"2014-07-14,一",16.3,16.82,16.08,16.74,"57,710,174"
yzj300058,,"2014-07-15,二",16.61,16.63,15.6,15.81,"84,090,111"
yzj300058,,"2014-07-16,三",15.82,16.51,15.41,15.51,"83,921,502"
yzj300058,,"2014-07-17,四",15.6,16.36,15.6,16.06,"73,463,844"
yzj300058,,"2014-07-18,五",16.07,16.3,15.68,15.81,"38,214,578"
yzj300058,,"2014-07-21,一",15.75,16.35,15.1,16.29,"77,619,293"
yzj300058,,"2014-07-22,二",16.3,17.31,16.11,17.07,"73,376,477"
yzj300058,,"2014-07-23,三",17.04,17.45,16.76,17.34,"46,654,285"
yzj300058,,"2014-07-24,四",17.46,17.46,16.41,16.9,"71,128,045"
yzj300058,,"2014-07-25,五",16.99,16.99,16.21,16.25,"35,377,124"
yzj300058,,"2014-07-28,一",16.27,16.95,15.86,16.95,"31,568,559"
yzj300058,,"2014-07-29,二",17.2,17.2,16.68,16.76,"21,873,059"
yzj300058,,"2014-07-30,三",16.99,17.55,16.63,17.43,"63,435,139"
yzj300058,,"2014-07-31,四",17.3,17.76,17.05,17.65,"36,583,278"
yzj300058,,"2014-08-01,五",17.8,17.8,17.21,17.6,"19,683,614"
yzj300058,,"2014-08-04,一",17.6,17.65,16.93,17.18,"35,276,252"
yzj300058,,"2014-08-05,二",17.1,17.22,16.65,17.11,"47,051,601"
yzj300058,,"2014-08-06,三",17.18,17.18,16.84,16.88,"21,686,796"
yzj300058,,"2014-08-07,四",16.8,17.08,16.7,16.79,"26,385,098"
yzj300058,,"2014-08-08,五",16.79,17.07,16.68,16.85,"32,464,025"
yzj300058,,"2014-08-11,一",16.88,17.01,16.59,16.97,"38,679,852"
yzj300058,,"2014-08-12,二",17.06,17.33,16.88,16.96,"45,430,874"
yzj300058,,"2014-08-13,三",16.98,16.98,16.68,16.78,"26,472,159"
yzj300058,,"2014-08-14,四",17,17.73,16.8,16.85,"43,728,300"
yzj300058,,"2014-08-15,五",16.89,17.61,16.7,17.55,"75,635,181"
yzj300058,,"2014-08-18,一",17.57,17.87,17.3,17.76,"63,164,898"
yzj300058,,"2014-08-19,二",17.66,17.73,17.22,17.65,"50,667,340"
yzj300058,,"2014-08-20,三",17.49,17.65,17.25,17.29,"38,625,362"
yzj300058,,"2014-08-21,四",17.29,17.65,17,17.43,"32,650,448"
yzj300058,,"2014-08-22,五",17.45,17.57,17.3,17.45,"38,150,881"
yzj300058,,"2014-08-25,一",17.45,19.2,17.45,19.2,"153,307,990"
yzj300058,,"2014-08-26,二",19.48,19.85,18.5,19.8,"158,747,220"
yzj300058,,"2014-08-27,三",19.57,19.85,19.04,19.3,"78,780,664"
yzj300058,,"2014-08-28,四",19.2,19.36,18.21,18.8,"61,398,683"
yzj300058,,"2014-08-29,五",18.86,19.04,18,18.7,"42,958,307"
yzj300058,,"2014-09-01,一",18.7,20.38,18.7,20.3,"125,345,309"
yzj300058,,"2014-09-02,二",20.31,20.68,19.85,20.35,"74,013,474"
yzj300058,,"2014-09-03,三",20.33,20.5,19.6,20.36,"63,001,057"
yzj300058,,"2014-09-04,四",20.25,22.39,19.8,22.18,"96,239,126"
yzj300058,,"2014-09-05,五",22.18,22.95,21.83,21.88,"101,911,697"
yzj300058,,"2014-09-09,二",22.2,23.5,21.4,23.5,"96,624,973"
yzj300058,,"2014-09-10,三",23.5,24.23,23.05,23.7,"96,843,728"
yzj300058,,"2014-09-11,四",23.74,24.88,23.21,24.85,"80,987,307"
yzj300058,,"2014-09-12,五",25,26.3,24.4,25.45,"107,931,100"
yzj300058,,"2014-09-15,一",25.7,25.7,23.9,24.67,"105,701,387"
yzj300058,,"2014-09-16,二",24.5,24.5,22.77,22.9,"144,898,510"
yzj300058,,"2014-09-17,三",23.1,23.79,22,23.75,"99,828,858"
yzj300058,,"2014-09-25,四",24.99,26.13,24.89,26.13,"241,083,900"
yzj300058,,"2014-09-26,五",25.99,26.28,24.95,25.6,"154,865,510"
yzj300058,,"2014-09-29,一",25.4,25.65,25.01,25.21,"69,674,195"
yzj300058,,"2014-09-30,二",25.3,26.28,25.15,25.31,"62,194,315"
yzj300058,,"2014-10-08,三",25.31,25.42,24.31,25.17,"43,348,237"
yzj300058,,"2014-10-09,四",25.24,25.24,24.25,24.29,"72,908,072"
yzj300058,,"2014-10-10,五",24.29,24.65,24.01,24.35,"37,752,606"
yzj300058,,"2014-10-13,一",24.13,24.46,23,23.26,"44,836,940"
yzj300058,,"2014-10-14,二",23.33,23.58,22.82,22.86,"31,202,316"
yzj300058,,"2014-10-15,三",22.85,22.86,22.31,22.7,"22,983,424"
yzj300058,,"2014-10-16,四",22.8,24.63,22.6,24.07,"113,213,386"
yzj300058,,"2014-10-17,五",23.78,23.78,22,22.41,"71,895,903"
yzj300058,,"2014-10-20,一",22.58,23.3,22.2,23.16,"72,429,618"
yzj300058,,"2014-10-21,二",23.28,23.55,23,23.12,"35,987,541"
yzj300058,,"2014-10-22,三",23.28,23.35,22.39,22.46,"27,336,312"
yzj300058,,"2014-10-23,四",22.46,22.88,21.51,21.74,"25,494,869"
yzj300058,,"2014-10-24,五",22.15,22.53,21.52,21.8,"23,138,919"
yzj300058,,"2014-10-27,一",21.8,23.66,21.24,23.26,"52,625,289"
yzj300058,,"2014-10-28,二",23.3,24.19,23.3,24,"54,870,750"
yzj300058,,"2014-10-29,三",24,24.81,23.98,24.16,"64,070,568"
yzj300058,,"2014-10-30,四",24.5,25.2,24.02,24.24,"56,739,152"
yzj300058,,"2014-10-31,五",24.4,24.4,23.91,23.98,"34,736,093"
yzj300058,,"2014-11-03,一",24.45,25.03,24.05,24.52,"77,249,360"
yzj300058,,"2014-11-04,二",24.53,24.97,24.14,24.55,"49,454,085"
yzj300058,,"2014-11-05,三",24.4,27,24.4,27,"157,603,980"
yzj300058,,"2014-11-06,四",26.67,27.77,26.23,27.09,"77,122,898"
yzj300058,,"2014-11-07,五",27.32,28.78,27.32,27.77,"164,671,080"
yzj300058,,"2014-11-10,一",27.95,30.55,27.93,30.55,"183,913,210"
yzj300058,,"2014-11-11,二",30.55,33.59,28.8,30.3,"297,395,320"
yzj300058,,"2014-11-12,三",30.26,32.6,30,32.49,"220,888,880"
yzj300058,,"2014-11-13,四",31.7,33.38,31,33.22,"147,815,510"
yzj300058,,"2014-11-14,五",32.78,34.8,32.32,33.5,"230,001,860"
yzj300058,,"2014-11-17,一",33.67,36.85,32.83,36.85,"204,879,110"
yzj300058,,"2014-11-18,二",36.23,40.54,36.23,40.54,"241,923,970"
yzj300058,,"2014-11-19,三",40.52,43.8,39.07,41.35,"234,970,260"
yzj300058,,"2014-11-20,四",41.2,42.39,39.68,40.55,"207,837,530"
yzj300058,,"2014-11-21,五",39.12,41.2,39.12,40.52,"158,779,900"
yzj300058,,"2014-11-24,一",40.51,41,38.81,39.61,"206,219,550"
yzj300058,,"2014-11-25,二",39.45,43.14,39.35,41.81,"176,189,510"
yzj300058,,"2014-11-26,三",41.68,42.3,39.22,40,"140,356,530"
yzj300058,,"2014-11-27,四",39.99,42,39.43,40.79,"125,946,885"
yzj300058,,"2014-11-28,五",40.43,44.87,40.33,44.87,"152,954,900"
yzj300058,,"2014-12-01,一",46.5,49,44.7,46.99,"246,569,060"
yzj300058,,"2014-12-02,二",46.99,47.73,42.98,45.9,"219,385,290"
yzj300058,,"2014-12-03,三",44.64,50,42.8,48.8,"206,896,220"
yzj300058,,"2014-12-04,四",47.44,53.68,47.44,53.16,"196,499,940"
yzj300058,,"2014-12-05,五",51.92,56.44,47.85,52.69,"170,901,790"
yzj300058,,"2014-12-08,一",51.17,54,47.42,49.06,"220,852,500"
yzj300058,,"2014-12-09,二",47.55,48.88,44.15,44.15,"173,507,320"
yzj300058,,"2014-12-10,三",42.11,46.68,39.74,45.38,"167,288,900"
yzj300058,,"2014-12-11,四",45.19,47.1,42.95,43.97,"81,708,792"
yzj300058,,"2014-12-12,五",43.7,48.2,43,47.47,"191,319,890"
yzj300058,,"2014-12-15,一",46.99,52.22,46.9,52.22,"200,065,650"
yzj300058,,"2014-12-16,二",53.6,54.88,49.83,53.16,"182,745,890"
yzj300058,,"2014-12-17,三",53,56,51.15,53.19,"134,680,180"
yzj300058,,"2014-12-18,四",52.01,54,51.22,51.38,"99,875,560"
yzj300058,,"2014-12-19,五",50.42,52.98,47.64,51,"87,521,696"
yzj300058,,"2014-12-22,一",49.52,50.6,45.9,45.9,"146,368,730"
yzj300058,,"2014-12-23,二",45.5,45.99,41.31,41.31,"123,867,839"
yzj300058,,"2014-12-24,三",41.4,44.49,38.62,42.3,"108,288,528"
yzj300058,,"2014-12-25,四",41.68,46,41.2,43.62,"112,151,931"
yzj300058,,"2014-12-26,五",43.62,44.73,41.2,41.82,"77,911,328"
yzj300058,,"2014-12-29,一",42,42,37.64,37.64,"179,844,540"
yzj300058,,"2014-12-30,二",37.98,38.28,34.03,35.5,"163,359,010"
yzj300058,,"2014-12-31,三",35.77,38.02,35.2,36.4,"139,009,940"
yzj300058,,"2015-01-05,一",36.44,36.49,33.9,36,"167,764,320"
yzj300058,,"2015-01-06,二",38,39.6,37.11,39.6,"228,861,550"
yzj300058,,"2015-01-07,三",41.78,43.56,41.31,43.56,"300,127,240"
yzj300058,,"2015-01-08,四",44.4,47.92,41.5,47.92,"366,606,450"
yzj300058,,"2015-01-09,五",46.58,49.97,45.8,47.96,"352,048,160"
yzj300058,,"2015-01-12,一",47.5,50.9,46.67,49,"297,706,070"
yzj300058,,"2015-01-13,二",48.05,50.6,46.85,50.51,"272,506,540"
yzj300058,,"2015-01-14,三",50.45,55.56,49.65,55.56,"452,334,790"
yzj300058,,"2015-01-15,四",56,56.6,54,54.49,"286,457,100"
yzj300058,,"2015-01-16,五",53.74,59.94,53.73,59.94,"382,893,990"
yzj300058,,"2015-01-19,一",58,63.94,55.72,59.5,"438,419,860"
yzj300058,,"2015-01-20,二",58.99,65.45,58.5,65.45,"434,197,220"
yzj300058,,"2015-01-21,三",64.8,67.68,63.75,66.9,"436,384,820"
yzj300058,,"2015-01-22,四",65.1,67,62.1,64.18,"436,997,870"
yzj300058,,"2015-01-23,五",63.8,63.8,57.79,58.25,"465,108,630"
yzj300058,,"2015-01-26,一",60,62.25,59.38,61.58,"405,685,250"
yzj300058,,"2015-01-27,二",61.58,64.2,59.01,62.81,"241,958,050"
yzj300058,,"2015-01-28,三",62.2,65.2,61.5,62.62,"237,642,290"
yzj300058,,"2015-01-29,四",63.05,64.79,59.02,60.68,"207,382,410"
yzj300058,,"2015-01-30,五",59.64,61.5,58,58.8,"97,423,377"
yzj300058,,"2015-02-02,一",57,64.54,57,62.2,"204,431,470"
yzj300058,,"2015-02-03,二",62.3,68.42,62.3,68.42,"442,221,930"
yzj300058,,"2015-02-04,三",68.88,71.7,68.41,70.65,"467,487,680"
yzj300058,,"2015-02-05,四",69.57,77.72,68.25,77.64,"634,053,290"
yzj300058,,"2015-02-06,五",75.88,82,72.99,78,"481,157,560"
yzj300058,,"2015-02-09,一",78.11,83.94,73.33,82.8,"406,354,160"
yzj300058,,"2015-02-10,二",80.69,85.49,78.5,82,"313,863,100"
yzj300058,,"2015-02-11,三",82.2,87.2,80,82.61,"473,007,300"
yzj300058,,"2015-02-12,四",82.07,86,79.01,79.05,"298,707,220"
yzj300058,,"2015-02-13,五",79.76,81.02,76.13,79.25,"394,617,850"
yzj300058,,"2015-02-16,一",79.32,87.18,77,87.18,"419,516,800"
yzj300058,,"2015-02-17,二",87.86,95.9,87.5,95.9,"451,928,750"
yzj300058,,"2015-02-25,三",99.9,99.9,86.31,88.14,"497,749,480"
yzj300058,,"2015-02-26,四",88.08,91.2,82.3,87.87,"402,785,510"
yzj300058,,"2015-02-27,五",87.8,93,85.5,89.5,"383,278,730"
yzj300058,,"2015-03-02,一",88.7,94.76,84,89.95,"341,978,100"
yzj300058,,"2015-03-03,二",89.65,89.83,85.69,85.88,"237,703,720"
yzj300058,,"2015-03-04,三",86.01,88.25,85.5,86.21,"191,809,610"
yzj300058,,"2015-03-05,四",86,86.1,83.1,83.3,"215,606,050"
yzj300058,,"2015-03-06,五",84.5,85.39,79,79.53,"170,479,690"
yzj300058,,"2015-03-09,一",80.34,87.01,79.53,84.5,"333,400,600"
yzj300058,,"2015-03-10,二",84.89,90.3,82.96,86.28,"297,044,770"
yzj300058,,"2015-03-11,三",86.38,87.1,83,83.8,"154,699,480"
yzj300058,,"2015-03-12,四",83.81,86.96,80.8,84.1,"146,706,660"
yzj300058,,"2015-03-13,五",83.5,91.06,83.06,90,"348,253,790"
yzj300058,,"2015-03-16,一",91.1,98.3,91.1,95.98,"335,449,630"
yzj300058,,"2015-03-17,二",94.6,97.6,92,92.85,"223,536,160"
yzj300058,,"2015-03-18,三",90.77,93.97,87,93,"234,387,660"
yzj300058,,"2015-03-19,四",92.5,94.96,90,94.55,"193,356,390"
yzj300058,,"2015-03-20,五",94.55,104.01,94.55,102.18,"532,342,490"
yzj300058,,"2015-03-23,一",105,112.4,102.56,111,"662,045,180"
yzj300058,,"2015-03-24,二",108,122.1,106.6,116.1,"542,496,880"
yzj300058,,"2015-03-25,三",114.5,127.71,112.45,127.71,"365,451,240"
yzj300058,,"2015-03-26,四",129.04,140.48,121.22,126.22,"685,345,880"
yzj300058,,"2015-03-27,五",122,138.84,120,138.84,"564,233,320"
yzj300058,,"2015-03-30,一",143.84,147.4,124.96,129.99,"514,251,890"
yzj300058,,"2015-03-31,二",129.8,138.33,121.1,134.89,"464,464,530"
yzj300058,,"2015-04-01,三",131,137.54,127.72,136.02,"455,837,960"
yzj300058,,"2015-05-22,五",74.8,74.8,74.8,74.8,"2,559,955"
yzj300058,,"2015-05-25,一",82.28,82.28,82.28,82.28,"2,987,340"
yzj300058,,"2015-05-26,二",90.51,90.51,90.51,90.51,"643,526"
yzj300058,,"2015-05-27,三",99.56,99.56,99.56,99.56,"3,161,229"
yzj300058,,"2015-05-28,四",109.52,109.52,105,109.52,"232,689,350"
yzj300058,,"2015-05-29,五",109,120.47,102.5,120.47,"1,572,253,700"
yzj300058,,"2015-06-01,一",115.77,120.6,108.42,110.99,"1,819,930,300"
yzj300058,,"2015-06-02,二",108.88,122.09,106,122.09,"1,267,188,080"
yzj300058,,"2015-06-03,三",123.2,132.47,116,128.5,"1,124,526,260"
yzj300058,,"2015-06-04,四",123.13,127.96,115.65,116.11,"784,075,450"
yzj300058,,"2015-06-05,五",118.9,124,108.99,114,"778,127,650"
yzj300058,,"2015-06-08,一",109,110,102.6,102.6,"446,592,990"
yzj300058,,"2015-06-09,二",97,107.6,92.96,103.79,"745,019,020"
yzj300058,,"2015-06-10,三",101,114.17,100.2,114.17,"791,829,950"
yzj300058,,"2015-06-11,四",114.3,123,112.88,122,"1,087,026,140"
yzj300058,,"2015-06-12,五",120.32,122,114,114.9,"513,418,310"
yzj300058,,"2015-06-15,一",112.74,112.83,103.41,103.41,"511,154,110"
yzj300058,,"2015-06-16,二",96.71,99,93.07,93.07,"626,012,570"
yzj300058,,"2015-06-17,三",90.11,102.38,89.5,102.38,"842,245,860"
yzj300058,,"2015-06-18,四",100.34,111,93.35,97,"781,129,390"
yzj300058,,"2015-06-19,五",94.9,103,92.77,98.5,"566,783,590"
yzj300058,,"2015-06-23,二",95,103,88.65,97.1,"580,452,950"
yzj300058,,"2015-06-24,三",97.52,100.41,87.41,89.8,"724,370,710"
yzj300058,,"2015-06-25,四",92.88,94,80.82,80.82,"622,470,110"
yzj300058,,"2015-06-26,五",76.78,77.5,72.74,72.74,"470,529,590"
yzj300058,,"2015-06-29,一",73,75,65.47,65.47,"396,611,720"
yzj300058,,"2015-06-30,二",58.92,72.02,58.92,71.73,"1,146,464,470"
yzj300058,,"2015-07-01,三",69.88,76.8,64.56,64.56,"957,167,340"
yzj300058,,"2015-07-02,四",61.32,64,58.1,58.1,"648,348,780"
yzj300058,,"2015-07-03,五",52.29,60.98,52.29,52.29,"851,139,830"
yzj300058,,"2015-07-06,一",57,57,47.06,47.06,"807,846,550"
yzj300058,,"2015-07-13,一",51.77,51.77,51.77,51.77,"28,749,330"
yzj300058,,"2015-07-14,二",56.95,56.95,56.95,56.95,"15,014,867"
yzj300058,,"2015-07-15,三",62.65,62.65,51.26,51.26,"1,446,195,200"
yzj300058,,"2015-07-16,四",46.13,53.68,46.13,51.32,"864,515,480"
yzj300058,,"2015-07-17,五",51,56.45,49.5,56.4,"1,396,433,700"
yzj300058,,"2015-07-20,一",59.55,62.04,58,61.49,"2,010,202,900"
yzj300058,,"2015-07-21,二",58.98,63.9,57.5,63.6,"1,730,674,400"
yzj300058,,"2015-07-22,三",61.39,63.8,59.3,61.16,"1,256,478,750"
yzj300058,,"2015-07-23,四",61.01,64.37,58.5,62.39,"1,303,512,020"
yzj300058,,"2015-07-24,五",62.79,65.89,60.33,62.7,"1,502,648,700"
yzj300058,,"2015-07-27,一",63.5,65.93,56.43,56.43,"1,555,895,600"
yzj300058,,"2015-07-28,二",51.3,56.3,50.79,50.79,"1,200,018,700"
yzj300058,,"2015-07-29,三",51.3,55,46.8,54.7,"1,390,479,800"
yzj300058,,"2015-07-30,四",53.2,54.49,49.23,52,"984,612,440"
yzj300058,,"2015-07-31,五",50.05,52.49,47,48.35,"534,580,710"
yzj300058,,"2015-08-03,一",44.01,44.6,43.52,43.52,"691,839,690"
yzj300058,,"2015-08-04,二",43.06,46.6,40,46.28,"1,174,926,300"
yzj300058,,"2015-08-05,三",45.58,46.28,43.1,44.5,"792,753,810"
yzj300058,,"2015-08-06,四",42.88,44.26,41.98,43.8,"433,210,130"
yzj300058,,"2015-08-07,五",44.9,48.18,44.5,48.18,"427,566,870"
yzj300058,,"2015-08-10,一",50.99,53,49.71,51.8,"1,458,007,900"
yzj300058,,"2015-08-11,二",51.18,53.28,50.7,51.58,"1,000,035,790"
yzj300058,,"2015-08-12,三",50.05,50.95,47.16,47.63,"686,508,540"
yzj300058,,"2015-08-13,四",46.3,50.48,46.26,50,"552,944,290"
yzj300058,,"2015-08-14,五",50.6,53,49.7,51.3,"908,226,510"
yzj300058,,"2015-08-17,一",50.97,54,49,54,"1,007,786,010"
yzj300058,,"2015-08-18,二",53.8,56.8,48.6,48.6,"1,150,511,880"
yzj300058,,"2015-08-19,三",45.6,51.3,44,50.5,"908,946,560"
yzj300058,,"2015-08-20,四",50.2,51.69,47.77,47.77,"754,133,170"
yzj300058,,"2015-08-21,五",45.41,47,43.65,43.75,"569,113,510"
yzj300058,,"2015-08-24,一",40.5,42,39.38,39.38,"186,456,920"
yzj300058,,"2015-08-25,二",35.44,35.44,35.44,35.44,"74,509,056"
yzj300058,,"2015-08-26,三",32.5,34.99,31.9,31.9,"846,783,000"
yzj300058,,"2015-08-27,四",31.9,33.5,28.71,32.69,"883,825,830"
yzj300058,,"2015-08-28,五",32.75,35.79,30.5,35.5,"984,933,710"
yzj300058,,"2015-08-31,一",35,35,31.95,31.95,"626,737,330"
yzj300058,,"2015-09-01,二",30.51,30.98,28.76,28.76,"330,363,360"
yzj300058,,"2015-09-02,三",25.88,30.47,25.88,25.88,"599,770,300"
yzj300058,,"2015-09-07,一",26.47,28.47,26.47,27.69,"661,628,460"
yzj300058,,"2015-09-08,二",27,30.46,25.77,30.46,"662,072,540"
yzj300058,,"2015-09-09,三",31,33.51,30.76,32.96,"1,210,890,480"
yzj300058,,"2015-09-10,四",31.8,33.6,31.61,32.48,"682,958,250"
yzj300058,,"2015-09-11,五",32.75,33.84,31.68,32.98,"781,660,670"
yzj300058,,"2015-09-14,一",32.78,33,29.68,29.68,"500,354,080"
yzj300058,,"2015-09-15,二",26.74,27.85,26.71,26.71,"455,645,340"
yzj300058,,"2015-09-16,三",27,29.38,25.68,29.38,"761,554,290"
yzj300058,,"2015-09-17,四",29.5,31.6,28.6,28.69,"890,845,190"
yzj300058,,"2015-09-18,五",28.73,29.75,27.31,29.21,"575,846,050"
yzj300058,,"2015-09-21,一",28,32.13,27.72,32.13,"1,052,554,530"
yzj300058,,"2015-09-22,二",32.8,34.55,31.11,33.09,"1,330,810,740"
yzj300058,,"2015-09-23,三",32.21,35.47,32.21,34.2,"1,203,985,590"
yzj300058,,"2015-09-24,四",34.73,35.8,33.5,33.78,"1,103,173,690"
yzj300058,,"2015-09-25,五",33.6,34.1,30.4,30.45,"907,643,710"
yzj300058,,"2015-09-28,一",30.7,33.01,30.4,32.9,"691,252,770"
yzj300058,,"2015-09-29,二",31.4,32.67,30.7,31.4,"596,926,590"
yzj300058,,"2015-09-30,三",31.53,31.95,28.99,30.46,"536,447,580"
yzj300058,,"2015-10-08,四",32.3,33.51,32,33.51,"348,401,520"
yzj300058,,"2015-10-09,五",34.97,35.49,34.01,35.15,"1,296,696,960"
yzj300058,,"2015-10-12,一",35.34,38.67,35.02,38.67,"1,566,333,700"
yzj300058,,"2015-10-13,二",38.48,39.97,38,39.5,"1,341,763,970"
yzj300058,,"2015-10-14,三",38.8,41.14,37.88,40.13,"1,193,655,280"
yzj300058,,"2015-11-02,一",44.14,44.14,44.14,44.14,"47,270,011"
yzj300058,,"2015-11-03,二",46,47.2,43,43.04,"1,991,502,100"
yzj300058,,"2015-11-04,三",42,47.34,42,47.34,"1,668,722,100"
yzj300058,,"2015-11-05,四",49,52.07,48.05,52.07,"2,173,617,100"
yzj300058,,"2015-11-06,五",53,57.28,53,57.28,"2,057,326,300"
yzj300058,,"2015-11-09,一",57.28,59.88,53.81,57.3,"2,441,645,800"
yzj300058,,"2015-11-10,二",56.3,60.8,55.85,57.17,"1,828,678,200"
yzj300058,,"2015-11-11,三",57.17,57.8,55.03,57.19,"1,469,098,600"
yzj300058,,"2015-11-12,四",58.6,59.6,55,56,"1,452,519,100"
yzj300058,,"2015-11-13,五",54.44,55.18,52.23,53.15,"1,135,556,670"
yzj300058,,"2015-11-16,一",50.08,53.09,49.06,52.57,"1,644,924,400"
yzj300058,,"2015-11-17,二",53.92,54.3,49.2,49.5,"1,552,690,000"
yzj300058,,"2015-11-18,三",49.82,52.49,49.11,50.25,"1,344,987,600"
yzj300058,,"2015-11-19,四",51,55.28,49.5,55.28,"2,166,907,700"
yzj300058,,"2015-11-20,五",55.33,59.99,54.3,57.12,"2,619,969,700"
yzj300058,,"2015-11-23,一",56.29,56.68,51.8,52.35,"1,664,537,700"
yzj300058,,"2015-11-24,二",51.92,54.66,51.5,54.01,"1,025,912,570"
yzj300058,,"2015-11-25,三",53.4,59.41,53.01,59.41,"2,516,014,800"
yzj300058,,"2015-11-26,四",60.26,63.59,59.04,59.49,"3,538,994,500"
yzj300058,,"2015-11-27,五",57.97,60.91,54,55.93,"1,993,636,200"
yzj300058,,"2015-11-30,一",55,56.93,50.4,54.5,"1,714,292,100"
yzj300058,,"2015-12-01,二",53.49,59.6,52.4,58,"2,054,287,900"
yzj300058,,"2015-12-02,三",57.47,58,52.6,54.34,"1,486,347,200"
yzj300058,,"2015-12-03,四",54.17,59.77,54.15,59.77,"2,726,374,400"
yzj300058,,"2015-12-04,五",61,64.46,59.97,63.08,"3,409,925,600"
yzj300058,,"2015-12-07,一",63.06,69.39,62.23,69.39,"1,721,831,200"
yzj300058,,"2015-12-08,二",70.5,72,66.25,66.3,"3,084,507,800"
yzj300058,,"2015-12-09,三",65.31,69.55,63.01,65.22,"2,344,567,800"
yzj300058,,"2015-12-10,四",64.77,71,63.5,68.85,"2,615,262,900"
yzj300058,,"2015-12-11,五",67.25,67.99,64.7,64.7,"1,565,452,200"
yzj300058,,"2015-12-14,一",62.99,66,61.5,64.97,"1,249,271,940"
yzj300058,,"2015-12-15,二",65.5,69.3,65,65.39,"1,385,048,200"
yzj300058,,"2015-12-16,三",64.5,67.82,63.5,67,"1,746,545,900"
yzj300058,,"2015-12-17,四",67.02,68.58,66.28,67.65,"1,720,703,800"
yzj300058,,"2015-12-18,五",66.98,67.59,64,64.66,"1,426,967,600"
yzj300058,,"2015-12-21,一",63.61,64.7,63,64.16,"848,652,110"
yzj300058,,"2015-12-22,二",64.99,69,64.99,66.45,"1,647,387,800"
yzj300058,,"2015-12-23,三",67.82,68.7,63.79,64.2,"1,475,571,500"
yzj300058,,"2015-12-24,四",64,65.5,61.86,65.06,"1,015,695,110"
yzj300058,,"2015-12-25,五",65.34,65.8,63.18,63.86,"772,112,430"
yzj300058,,"2015-12-28,一",64.2,64.99,61.5,61.5,"995,323,810"
yzj300058,,"2015-12-29,二",61.05,61.9,58,58.9,"1,154,884,790"
yzj300058,,"2015-12-30,三",59.23,60.26,58.2,59.42,"746,099,540"
yzj300058,,"2015-12-31,四",59.44,59.44,55.1,55.9,"992,402,540"
yzj300058,,"2016-01-04,一",55.9,55.9,50.31,50.32,"861,197,560"
yzj300058,,"2016-01-05,二",45.3,51.5,45.3,48.33,"1,151,984,900"
yzj300058,,"2016-01-06,三",48.97,51,46.67,50.4,"933,193,590"
yzj300058,,"2016-01-07,四",48.5,49.1,45.36,45.36,"211,872,170"
yzj300058,,"2016-01-08,五",46.1,47.49,41.18,43.75,"890,774,720"
yzj300058,,"2016-01-11,一",41.85,43.54,39.4,39.49,"823,511,650"
yzj300058,,"2016-01-12,二",41,41.85,39.49,40.87,"803,399,330"
yzj300058,,"2016-01-13,三",40.66,41.58,38.5,38.99,"612,668,130"
yzj300058,,"2016-01-14,四",37.8,42.89,37.5,42.89,"777,126,900"
yzj300058,,"2016-01-15,五",43.8,45.55,42.6,43.8,"1,397,472,900"
yzj300058,,"2016-01-18,一",43.2,47.74,43.11,45.84,"1,178,683,810"
yzj300058,,"2016-01-19,二",45.04,47.6,43.82,46.89,"1,190,590,120"
yzj300058,,"2016-01-20,三",46,46.96,44.08,44.85,"981,042,910"
yzj300058,,"2016-01-21,四",44.21,48.27,44,44.05,"1,073,211,050"
yzj300058,,"2016-01-22,五",44.75,45.4,42.11,44.65,"815,753,310"
yzj300058,,"2016-01-25,一",45.01,45.95,43.8,44.65,"583,153,410"
yzj300058,,"2016-01-26,二",43.8,43.94,40.19,40.19,"592,172,110"
yzj300058,,"2016-01-27,三",40,41.3,36.66,40.82,"670,660,630"
yzj300058,,"2016-01-28,四",39.52,40.79,36.74,36.78,"513,295,680"
yzj300058,,"2016-01-29,五",36.77,39.9,36.7,38.99,"582,938,020"
yzj300058,,"2016-02-01,一",38.75,39.14,37.2,38.34,"414,081,170"
yzj300058,,"2016-02-02,二",38.66,40.94,38.6,40.45,"556,585,000"
yzj300058,,"2016-02-03,三",39.11,40.99,38.82,40.4,"502,293,360"
yzj300058,,"2016-02-04,四",40.39,41.98,40.39,40.78,"555,312,070"
yzj300058,,"2016-02-05,五",40.8,41.59,39.33,39.65,"393,312,630"
yzj300058,,"2016-02-15,一",38,41.58,37.5,41,"512,453,970"
yzj300058,,"2016-02-16,二",41.62,45.1,41.46,45.1,"730,514,760"
yzj300058,,"2016-02-17,三",45.44,46.3,43.86,45.2,"890,536,130"
yzj300058,,"2016-02-18,四",45.39,46.57,44.4,44.45,"728,037,630"
yzj300058,,"2016-02-19,五",44,45.55,43.65,44.77,"655,187,420"
yzj300058,,"2016-02-22,一",45.8,45.93,44.21,45.04,"653,984,890"
yzj300058,,"2016-02-23,二",44.9,46,43.36,44.65,"663,714,960"
yzj300058,,"2016-02-24,三",44.35,44.7,42.2,43.77,"585,738,590"
yzj300058,,"2016-02-25,四",43.06,43.6,39.39,39.39,"582,831,930"
yzj300058,,"2016-02-26,五",39.4,39.86,37,37.71,"451,148,380"
yzj300058,,"2016-02-29,一",37.65,37.65,33.94,33.94,"330,218,220"
yzj300058,,"2016-03-01,二",33.15,35.17,31.13,34.52,"460,885,810"
yzj300058,,"2016-03-02,三",34.17,36.33,33.7,36.03,"489,095,140"
yzj300058,,"2016-03-03,四",36,39.63,35.55,37.31,"847,868,930"
yzj300058,,"2016-03-04,五",36.35,36.74,33.8,33.8,"593,764,080"
yzj300058,,"2016-03-07,一",34.5,36.97,34.5,35.31,"458,936,040"
yzj300058,,"2016-03-08,二",34.4,36.85,32.6,36.43,"570,961,820"
yzj300058,,"2016-03-09,三",35.21,37.41,35.08,35.41,"481,177,870"
yzj300058,,"2016-03-10,四",35.65,36.35,34.01,34.3,"386,704,790"
yzj300058,,"2016-03-11,五",33.58,36.9,33.3,35.65,"500,175,420"
yzj300058,,"2016-03-14,一",37.25,38.6,36.92,37.64,"686,871,140"
yzj300058,,"2016-03-15,二",37,37.5,36.03,36.29,"479,323,460"
yzj300058,,"2016-03-16,三",37,37.59,34.51,35.27,"521,836,660"
yzj300058,,"2016-03-17,四",35.43,38.8,35.41,38.8,"1,567,145,400"
yzj300058,,"2016-03-18,五",38.87,42.68,38.7,42.68,"2,029,780,300"
yzj300058,,"2016-03-21,一",43.97,45.94,41.91,43.96,"1,926,773,200"
yzj300058,,"2016-03-22,二",42.53,43.92,42.11,42.65,"1,099,414,110"
yzj300058,,"2016-03-23,三",42.65,46.92,42.32,46.92,"1,574,113,800"
yzj300058,,"2016-03-24,四",46.18,49.98,45.08,45.75,"1,906,465,600"
yzj300058,,"2016-03-25,五",45,46.28,43.55,44.9,"948,781,790"
yzj300058,,"2016-03-28,一",45.6,47.03,43.96,44.38,"950,638,840"
yzj300058,,"2016-03-29,二",44.01,47,43.22,45.85,"1,245,348,620"
yzj300058,,"2016-03-30,三",46.3,48.98,45.66,48.08,"1,399,810,000"
yzj300058,,"2016-03-31,四",48.17,49.01,46.5,46.85,"1,192,760,940"
yzj300058,,"2016-04-01,五",46.07,46.46,44.5,45.21,"792,553,720"
yzj300058,,"2016-04-05,二",45.21,48.8,45.15,47.9,"943,360,500"
yzj300058,,"2016-04-06,三",47.78,47.78,46,46.66,"916,486,740"
yzj300058,,"2016-04-07,四",46.9,47.35,44.62,44.78,"848,323,130"
yzj300058,,"2016-04-08,五",43.99,45.58,43.51,45.31,"706,982,070"
yzj300058,,"2016-04-11,一",45.65,46.7,45.11,45.29,"706,687,280"
yzj300058,,"2016-04-12,二",45,45.57,43.93,44.65,"593,413,910"
yzj300058,,"2016-04-13,三",44.8,46.5,44.8,45.32,"876,556,400"
yzj300058,,"2016-04-14,四",45.99,46.18,45.1,45.89,"586,727,900"
yzj300058,,"2016-04-15,五",46.2,46.49,45,45.26,"540,680,710"
yzj300058,,"2016-04-22,五",40.73,43.2,40.73,41.92,"719,012,280"
yzj300058,,"2016-04-25,一",41.5,41.5,40.01,40.77,"377,225,350"
yzj300058,,"2016-04-26,二",40.76,41.8,40.13,41.35,"333,554,900"
yzj300058,,"2016-04-27,三",41.16,41.49,40.03,40.18,"371,243,630"
yzj300058,,"2016-04-28,四",40.3,41.49,39.6,40.83,"490,728,210"
yzj300058,,"2016-04-29,五",40.14,40.79,40.01,40.5,"291,541,130"
yzj300058,,"2016-05-03,二",40.45,42.55,40.28,42.05,"419,599,030"
yzj300058,,"2016-05-04,三",41.8,42.19,41.35,41.45,"323,809,410"
yzj300058,,"2016-05-05,四",41.45,42.01,41.31,41.76,"250,309,100"
yzj300058,,"2016-05-06,五",41.5,42.37,38,38.06,"559,180,130"
yzj300058,,"2016-05-09,一",37.6,37.6,35.51,37.02,"413,142,780"
yzj300058,,"2016-05-10,二",36.95,37.38,36.55,37.37,"248,379,170"
yzj300058,,"2016-05-11,三",37.68,37.99,36.5,36.51,"224,016,710"
yzj300058,,"2016-05-12,四",34.81,37.16,34.81,37.15,"229,116,380"
yzj300058,,"2016-05-13,五",29.25,29.25,27.82,28.04,"241,267,380"
yzj300058,,"2016-05-16,一",27.99,28.75,27.66,28.75,"219,148,460"
yzj300058,,"2016-05-17,二",28.7,30.98,28.03,29.8,"474,796,020"
yzj300058,,"2016-05-18,三",29.04,29.18,27.65,27.95,"335,206,510"
yzj300058,,"2016-05-19,四",28.01,29.2,28.01,28.15,"330,318,180"
yzj300058,,"2016-05-20,五",27.64,29.1,27.4,28.98,"392,703,060"
yzj300058,,"2016-05-23,一",29.02,29.62,28.86,29.26,"342,453,830"
yzj300058,,"2016-05-24,二",29,29.18,28.09,28.3,"258,506,280"
yzj300058,,"2016-05-25,三",28.8,29.47,28.37,28.45,"362,197,260"
yzj300058,,"2016-05-26,四",28.5,30.21,27.96,30.18,"550,533,520"
yzj300058,,"2016-05-27,五",29.83,30.38,29.42,29.57,"440,937,770"
yzj300058,,"2016-05-30,一",29.21,29.89,28.66,29.3,"258,832,200"
yzj300058,,"2016-05-31,二",29.6,32.23,29.35,32.23,"1,182,759,840"
yzj300058,,"2016-06-01,三",32.49,32.49,31.72,31.99,"954,135,310"
yzj300058,,"2016-06-02,四",31.66,32.48,31.66,32.19,"673,055,280"
yzj300058,,"2016-06-03,五",31.97,33.95,31.52,32.35,"1,114,115,720"
yzj300058,,"2016-06-06,一",32.41,32.59,31.71,31.98,"585,526,880"
yzj300058,,"2016-06-07,二",31.7,31.78,31.03,31.36,"735,169,690"
yzj300058,,"2016-06-08,三",30.99,31.22,30.41,30.7,"665,615,870"
yzj300058,,"2016-06-13,一",30.18,30.6,27.63,27.63,"680,571,880"
yzj300058,,"2016-06-14,二",27.26,27.82,26.91,27.51,"462,485,340"
yzj300058,,"2016-06-15,三",26.99,29.18,26.81,28.53,"534,485,640"
yzj300058,,"2016-06-16,四",28.1,28.62,27.58,28.11,"616,824,280"
yzj300058,,"2016-06-17,五",28.09,28.99,27.56,27.73,"599,495,350"
yzj300058,,"2016-06-20,一",27.81,27.84,27.01,27.33,"342,547,270"
yzj300058,,"2016-06-21,二",27.69,28.5,27.41,27.74,"612,328,690"
yzj300058,,"2016-06-22,三",27.59,28.75,27.5,28.67,"529,012,160"
yzj300058,,"2016-06-23,四",28.54,28.67,28.01,28.3,"427,367,140"
yzj300058,,"2016-06-24,五",28.11,29.17,26.8,28.61,"762,788,730"
yzj300058,,"2016-06-27,一",28.28,30.29,28.1,29.98,"721,415,520"
yzj300058,,"2016-06-28,二",29.7,30.35,29.19,29.94,"696,795,000"
yzj300058,,"2016-06-29,三",30.1,30.18,29.34,29.46,"468,134,140"
yzj300058,,"2016-06-30,四",29.5,30.3,29.5,29.9,"498,175,230"
yzj300058,,"2016-07-01,五",29.78,29.97,29.22,29.3,"359,766,000"
yzj300058,,"2016-07-04,一",28.99,30.48,28.8,29.96,"521,016,880"
yzj300058,,"2016-07-05,二",30.39,30.39,29.6,29.92,"385,452,920"
yzj300058,,"2016-07-06,三",29.92,30.18,29.7,29.9,"334,056,720"
yzj300058,,"2016-07-07,四",29.9,29.99,28.9,29.31,"390,290,360"
yzj300058,,"2016-07-08,五",29.19,29.77,29.16,29.34,"287,252,600"
yzj300058,,"2016-07-11,一",29.22,29.6,28.9,28.95,"314,434,790"
yzj300058,,"2016-07-12,二",28.9,29.69,28.29,29.64,"465,906,720"
yzj300058,,"2016-07-13,三",29.9,30.46,29.53,29.98,"529,801,080"
yzj300058,,"2016-07-14,四",29.95,30.3,29.56,30.25,"415,300,480"
yzj300058,,"2016-07-15,五",30.48,30.48,29.5,29.62,"349,347,200"
yzj300058,,"2016-07-18,一",29.45,29.59,28.97,29.19,"253,498,700"
yzj300058,,"2016-07-19,二",29.08,29.97,29.03,29.96,"297,450,790"
yzj300058,,"2016-07-20,三",29.95,30.14,29.56,29.58,"315,164,800"
yzj300058,,"2016-07-21,四",29.4,30.1,29.25,29.64,"401,951,550"
yzj300058,,"2016-07-22,五",29.42,30.09,29.32,29.82,"442,491,630"
yzj300058,,"2016-07-25,一",29.92,31.2,29.57,30.8,"776,010,050"
yzj300058,,"2016-07-26,二",30.59,30.91,30.37,30.81,"501,062,770"
yzj300058,,"2016-07-27,三",30.88,30.88,28.25,28.31,"662,360,270"
yzj300058,,"2016-07-28,四",28.11,28.54,27.22,27.59,"360,207,520"
yzj300058,,"2016-07-29,五",27.64,27.9,27.28,27.49,"190,366,060"
yzj300058,,"2016-08-01,一",27.55,27.55,26.22,26.75,"231,231,140"
yzj300058,,"2016-08-02,二",26.76,27.04,26.63,26.88,"148,760,890"
yzj300058,,"2016-08-03,三",26.7,26.85,26.15,26.33,"288,702,040"
yzj300058,,"2016-08-04,四",26.42,26.98,26.4,26.6,"245,361,420"
yzj300058,,"2016-08-05,五",26.61,26.75,26.27,26.27,"195,835,800"
yzj300058,,"2016-08-08,一",26.19,26.69,25.81,26.68,"249,001,390"
yzj300058,,"2016-08-09,二",26.55,26.8,26.4,26.79,"304,904,300"
yzj300058,,"2016-08-10,三",26.85,26.87,26.38,26.43,"276,875,380"
yzj300058,,"2016-08-11,四",26.4,26.52,25.96,25.98,"214,835,290"
yzj300058,,"2016-08-12,五",25.92,26.2,25.63,26.19,"198,139,770"
yzj300058,,"2016-08-15,一",26.19,27.79,26.02,27.22,"549,422,110"
yzj300058,,"2016-08-16,二",27.2,27.4,26.9,27.02,"348,443,440"
yzj300058,,"2016-08-17,三",27.1,27.58,26.75,26.91,"314,164,100"
yzj300058,,"2016-08-18,四",26.98,27.36,26.76,27.06,"327,673,070"
yzj300058,,"2016-08-19,五",26.98,27.04,26.73,26.79,"223,116,790"
yzj300058,,"2016-08-22,一",26.83,27.18,26.52,26.54,"232,520,900"
yzj300058,,"2016-08-23,二",26.5,26.7,26.11,26.42,"198,870,070"
yzj300058,,"2016-08-24,三",26.5,26.81,26.35,26.55,"197,181,330"
yzj300058,,"2016-08-25,四",26.36,26.36,25.81,26.06,"219,728,880"
yzj300058,,"2016-08-26,五",26.3,26.39,26.02,26.08,"187,448,010"
yzj300058,,"2016-08-29,一",26.08,26.24,26.02,26.2,"126,967,394"
yzj300058,,"2016-08-30,二",26.2,26.41,26.17,26.2,"132,265,334"
yzj300058,,"2016-08-31,三",26.22,26.29,25.91,26.12,"145,337,640"
yzj300058,,"2016-09-01,四",26.15,26.5,26.03,26.13,"212,426,450"
yzj300058,,"2016-09-02,五",26.1,26.47,26.02,26.2,"206,039,910"
yzj300058,,"2016-09-05,一",26.34,26.43,26,26.06,"164,148,700"
yzj300058,,"2016-09-06,二",26.05,27.38,25.62,26.95,"469,817,540"
yzj300058,,"2016-09-07,三",26.6,26.95,26.5,26.54,"244,559,110"
yzj300058,,"2016-09-08,四",26.52,26.99,26.5,26.72,"222,873,830"
yzj300058,,"2016-09-09,五",26.7,26.7,26.16,26.16,"169,625,350"
yzj300058,,"2016-09-12,一",25.7,25.84,24.91,24.92,"244,509,480"
yzj300058,,"2016-09-13,二",25.07,25.2,24.52,24.76,"206,233,220"
yzj300058,,"2016-09-14,三",24.35,25.15,24.35,24.65,"146,639,540"
yzj300058,,"2016-09-19,一",24.8,25,24.4,24.64,"193,466,820"
yzj300058,,"2016-09-20,二",24.67,24.68,24.35,24.51,"128,229,154"
yzj300058,,"2016-09-21,三",24.56,24.69,24.35,24.59,"203,416,190"
yzj300058,,"2016-09-22,四",24.75,24.9,24.47,24.51,"211,866,700"
yzj300058,,"2016-09-23,五",24.58,24.63,24.22,24.25,"170,000,050"
yzj300058,,"2016-09-26,一",24.15,24.37,23.51,23.52,"257,951,350"
yzj300058,,"2016-09-27,二",23.44,23.98,23.31,23.98,"235,868,230"
yzj300058,,"2016-09-28,三",24.02,24.1,23.7,23.92,"138,337,830"
yzj300058,,"2016-09-29,四",23.93,24.08,23.85,23.89,"118,407,449"
yzj300058,,"2016-09-30,五",23.99,24.1,23.87,23.92,"94,213,076"
yzj300058,,"2016-10-10,一",24.1,24.83,24.05,24.63,"223,402,180"
yzj300058,,"2016-10-11,二",24.63,24.77,24.3,24.67,"198,969,370"
yzj300058,,"2016-10-12,三",24.5,24.62,24.36,24.59,"133,305,235"
yzj300058,,"2016-10-13,四",24.7,26.17,24.62,26.03,"732,919,780"
yzj300058,,"2016-10-14,五",25.8,26.73,25.4,26.51,"524,794,790"
yzj300058,,"2016-10-17,一",26.37,26.37,25.46,25.58,"333,260,300"
yzj300058,,"2016-10-18,二",25.5,26.91,25.5,26.3,"554,062,970"
yzj300058,,"2016-10-19,三",26.29,26.43,25.7,25.95,"253,161,980"
yzj300058,,"2016-10-20,四",26.05,26.09,25.54,25.63,"197,184,920"
yzj300058,,"2016-10-21,五",25.63,25.79,25.03,25.25,"233,331,380"
yzj300058,,"2016-10-24,一",25.3,25.72,25.23,25.38,"190,708,480"
yzj300058,,"2016-10-25,二",25.4,25.76,25.25,25.36,"186,489,770"
yzj300058,,"2016-10-26,三",25.2,25.65,25.19,25.35,"197,442,640"
yzj300058,,"2016-10-27,四",25.29,26.47,25.12,25.6,"479,745,940"
yzj300058,,"2016-10-28,五",25.4,25.89,25.13,25.16,"252,809,950"
yzj300058,,"2016-10-31,一",24.99,24.99,24.38,24.48,"214,944,960"
yzj300058,,"2016-11-01,二",24.54,24.77,24.45,24.68,"144,380,250"
yzj300058,,"2016-11-02,三",24.55,24.59,24.17,24.22,"191,067,000"
yzj300058,,"2016-11-03,四",24.11,24.87,24.03,24.43,"195,066,970"
yzj300058,,"2016-11-04,五",24.5,24.7,24.25,24.46,"149,793,160"
yzj300058,,"2016-11-07,一",24.5,24.56,24.1,24.22,"140,004,640"
yzj300058,,"2016-11-08,二",24.4,24.68,24.3,24.43,"193,833,140"
yzj300058,,"2016-11-09,三",24.48,24.54,23.39,23.86,"293,458,540"
yzj300058,,"2016-11-10,四",24.1,24.2,23.81,23.96,"236,926,830"
yzj300058,,"2016-11-11,五",24.01,24.2,23.69,24,"282,172,440"
yzj300058,,"2016-11-14,一",24.15,24.86,24.1,24.16,"521,082,960"
yzj300058,,"2016-11-15,二",24.35,25.3,24.2,25.3,"584,505,180"
yzj300058,,"2016-11-16,三",25.79,26,25,25.07,"600,945,140"
yzj300058,,"2016-11-17,四",24.8,25.13,24.68,24.88,"268,148,640"
yzj300058,,"2016-11-18,五",24.85,24.98,24.61,24.71,"184,828,970"
yzj300058,,"2016-11-21,一",24.65,25.1,24.6,24.83,"174,757,760"
yzj300058,,"2016-11-22,二",24.85,25.71,24.61,25.59,"395,481,650"
yzj300058,,"2016-11-23,三",25.48,26.4,25.4,25.66,"646,592,190"
yzj300058,,"2016-11-24,四",25.5,26,25.32,25.33,"418,717,970"
yzj300058,,"2016-11-25,五",25.2,26.31,24.5,26.2,"714,964,760"
yzj300058,,"2016-11-28,一",26.05,26.48,25.82,25.97,"455,206,270"
yzj300058,,"2016-11-29,二",25.76,26.34,25.5,25.93,"487,398,550"
yzj300058,,"2016-11-30,三",25.76,26.8,25.63,26.49,"733,040,630"
yzj300058,,"2016-12-01,四",26.45,26.58,26.1,26.12,"410,344,510"
yzj300058,,"2016-12-02,五",26.05,26.36,25.1,25.13,"455,270,650"
yzj300058,,"2016-12-05,一",24.68,25.34,24.53,24.72,"257,380,080"
yzj300058,,"2016-12-06,二",24.9,24.96,24,24.02,"332,700,670"
yzj300058,,"2016-12-07,三",24.07,24.47,24.02,24.31,"189,296,290"
yzj300058,,"2016-12-08,四",24.46,24.54,24.02,24.08,"170,784,190"
yzj300058,,"2016-12-09,五",24.13,24.43,23.93,24.17,"193,263,310"
yzj300058,,"2016-12-12,一",24.09,24.09,21.75,21.75,"438,826,530"
yzj300058,,"2016-12-13,二",21.4,21.74,21.09,21.34,"233,795,570"
yzj300058,,"2016-12-14,三",21.4,21.55,21,21.06,"197,565,320"
yzj300058,,"2016-12-15,四",21.04,21.68,21.04,21.4,"216,546,570"
yzj300058,,"2016-12-16,五",21.3,22.18,21.3,21.87,"219,634,270"
yzj300058,,"2016-12-19,一",21.6,21.8,21.46,21.6,"137,769,990"
yzj300058,,"2016-12-20,二",21.7,22,21.58,21.7,"128,713,354"
yzj300058,,"2016-12-21,三",21.85,22.05,21.65,21.81,"111,798,427"
yzj300058,,"2016-12-22,四",21.72,21.81,21.39,21.53,"132,402,343"
yzj300058,,"2016-12-23,五",21.51,21.59,21.08,21.17,"111,321,911"
yzj300058,,"2016-12-26,一",21.19,21.57,20.5,21.56,"161,006,010"
yzj300058,,"2016-12-27,二",21.6,21.64,21.33,21.4,"90,154,289"
yzj300058,,"2016-12-28,三",21.5,21.6,21.19,21.21,"70,209,752"
yzj300058,,"2016-12-29,四",21.19,21.45,20.98,21.06,"95,254,802"
yzj300058,,"2016-12-30,五",21.06,21.18,20.74,20.9,"103,272,401"
yzj300058,,"2017-01-03,二",20.88,21.18,20.88,21.1,"76,750,869"
yzj300058,,"2017-01-04,三",21.09,21.56,20.98,21.51,"143,690,470"
yzj300058,,"2017-01-05,四",21.48,22.49,21.33,21.61,"213,280,530"
yzj300058,,"2017-01-06,五",21.41,21.53,21.1,21.11,"134,138,922"
yzj300058,,"2017-01-09,一",21.05,21.37,21,21.35,"94,261,095"
yzj300058,,"2017-01-10,二",21.35,21.78,21.15,21.18,"117,042,825"
yzj300058,,"2017-01-11,三",21.14,21.42,20.91,21.09,"116,005,053"
yzj300058,,"2017-01-12,四",21.01,21.26,21,21.08,"77,314,428"
yzj300058,,"2017-01-13,五",21.05,21.2,20.17,20.28,"139,310,590"
yzj300058,,"2017-01-16,一",20.32,20.32,18.25,18.58,"246,587,220"
yzj300058,,"2017-01-17,二",18.5,19.56,17.88,19.18,"185,422,150"
yzj300058,,"2017-01-18,三",19.02,19.48,18.7,18.89,"117,189,705"
yzj300058,,"2017-01-19,四",18.8,19.07,18.5,18.79,"79,463,982"
yzj300058,,"2017-01-20,五",18.71,19.84,18.71,19.35,"212,272,620"
yzj300058,,"2017-01-23,一",19.45,19.55,19.25,19.32,"97,197,834"
yzj300058,,"2017-01-24,二",19.38,19.4,18.95,19.04,"78,419,408"
yzj300058,,"2017-01-25,三",18.97,19.48,18.9,19.14,"79,533,277"
yzj300058,,"2017-01-26,四",19.05,19.75,19.05,19.4,"79,581,476"
yzj300058,,"2017-02-03,五",19.41,19.48,19.09,19.15,"64,650,199"
yzj300058,,"2017-02-06,一",19.21,19.55,19.12,19.42,"97,276,546"
yzj300058,,"2017-02-07,二",19.44,19.45,18.91,19.1,"94,480,069"
yzj300058,,"2017-02-08,三",19.08,19.5,18.98,19.49,"143,938,140"
yzj300058,,"2017-02-09,四",19.44,19.71,19.37,19.67,"143,750,470"
yzj300058,,"2017-02-10,五",19.7,19.7,19.42,19.49,"99,670,038"
yzj300058,,"2017-02-13,一",19.52,20.1,19.28,19.72,"154,365,150"
yzj300058,,"2017-02-14,二",19.8,19.8,19.53,19.62,"84,526,399"
yzj300058,,"2017-02-15,三",19.66,19.74,19.01,19.05,"143,583,190"
yzj300058,,"2017-02-16,四",19,19.2,18.93,19.04,"89,627,097"
yzj300058,,"2017-02-17,五",19.05,19.25,18.69,18.74,"126,187,209"
yzj300058,,"2017-02-20,一",18.73,19.08,18.5,19.06,"143,244,310"
yzj300058,,"2017-02-21,二",19.08,20.97,19.05,20.97,"283,244,180"
yzj300058,,"2017-02-22,三",21.99,21.99,21,21.15,"714,867,770"
yzj300058,,"2017-02-23,四",21,21.28,20.43,20.85,"336,817,380"
yzj300058,,"2017-02-24,五",20.7,21.58,20.62,20.97,"368,067,210"
yzj300058,,"2017-02-27,一",20.98,20.98,20.51,20.54,"205,471,760"
yzj300058,,"2017-02-28,二",20.49,20.96,20.3,20.73,"136,367,210"
yzj300058,,"2017-03-01,三",20.66,21.3,20.51,20.81,"203,430,570"
yzj300058,,"2017-03-02,四",20.72,20.97,20.45,20.6,"169,395,610"
yzj300058,,"2017-03-03,五",20.55,20.9,20.3,20.62,"154,208,540"
yzj300058,,"2017-03-06,一",20.61,21.27,20.55,21.15,"265,313,660"
yzj300058,,"2017-03-07,二",21.22,21.44,20.89,21.12,"182,016,790"
yzj300058,,"2017-03-08,三",21.2,21.25,20.62,20.71,"158,110,920"
yzj300058,,"2017-03-09,四",20.67,20.87,20.38,20.66,"119,772,523"
yzj300058,,"2017-03-10,五",20.6,20.77,20.5,20.5,"101,177,246"
yzj300058,,"2017-03-13,一",20.5,20.68,20.22,20.61,"115,752,878"
yzj300058,,"2017-03-14,二",20.62,20.72,20.22,20.29,"120,224,796"
yzj300058,,"2017-03-15,三",20.2,20.27,19.71,19.98,"180,307,850"
yzj300058,,"2017-03-16,四",19.92,20.36,19.89,20.23,"136,240,510"
yzj300058,,"2017-03-17,五",20.18,20.68,20,20.01,"188,571,260"
yzj300058,,"2017-03-20,一",20.01,20.02,19.75,19.95,"119,620,442"
yzj300058,,"2017-03-21,二",20.06,20.06,19.86,20.05,"79,384,201"
yzj300058,,"2017-03-22,三",19.93,19.93,19.41,19.5,"141,608,600"
yzj300058,,"2017-03-23,四",19.53,19.99,19.33,19.67,"135,317,130"
yzj300058,,"2017-03-24,五",19.65,19.93,19.53,19.91,"112,806,590"
yzj300058,,"2017-03-27,一",20,20,19.66,19.66,"87,179,728"
yzj300058,,"2017-03-28,二",19.56,19.79,19.56,19.74,"58,622,216"
yzj300058,,"2017-03-29,三",19.79,19.94,19.45,19.45,"89,634,678"
yzj300058,,"2017-03-30,四",19.37,19.44,18.5,18.5,"139,172,930"
yzj300058,,"2017-03-31,五",18.59,18.84,18.35,18.58,"95,608,018"
yzj300058,,"2017-04-05,三",18.62,18.98,18.58,18.96,"91,942,930"
yzj300058,,"2017-04-06,四",18.89,19.29,18.75,18.97,"105,524,478"
yzj300058,,"2017-04-07,五",18.97,19.06,18.68,18.78,"84,562,432"
yzj300058,,"2017-04-10,一",18.77,18.8,18.01,18.06,"146,460,640"
yzj300058,,"2017-04-11,二",18.12,18.55,18,18.51,"108,573,222"
yzj300058,,"2017-04-12,三",18.51,18.51,18.1,18.23,"82,223,255"
yzj300058,,"2017-04-13,四",18.15,18.43,18.15,18.25,"62,069,722"
yzj300058,,"2017-04-14,五",18.22,18.81,18.21,18.64,"171,333,830"
yzj300058,,"2017-04-17,一",18.55,18.55,18,18.15,"106,502,473"
yzj300058,,"2017-04-18,二",18.15,18.3,17.04,17.22,"168,967,230"
yzj300058,,"2017-04-19,三",17.09,17.21,16.35,16.73,"153,191,760"
yzj300058,,"2017-04-20,四",16.73,18.4,16.54,18.4,"463,589,940"
yzj300058,,"2017-04-21,五",18.3,18.3,17.3,17.39,"304,260,880"
yzj300058,,"2017-04-24,一",17.2,18.36,16.8,17.53,"273,021,450"
yzj300058,,"2017-04-25,二",17.53,19.28,17.53,18.55,"617,233,920"
yzj300058,,"2017-04-26,三",18.4,18.98,18.26,18.77,"481,939,850"
yzj300058,,"2017-04-27,四",18.33,20.49,18.22,19.78,"771,570,660"
yzj300058,,"2017-04-28,五",19.45,19.83,19.2,19.63,"403,695,410"
yzj300058,,"2017-05-02,二",19.4,19.74,19.07,19.57,"319,922,100"
yzj300058,,"2017-05-03,三",19.51,20.09,19.14,19.27,"351,462,180"
yzj300058,,"2017-05-04,四",19,20.35,18.92,19.93,"519,509,740"
yzj300058,,"2017-05-05,五",19.69,20.45,19.44,19.53,"470,034,540"
yzj300058,,"2017-05-08,一",19.2,20.35,19.12,19.65,"422,519,200"
yzj300058,,"2017-05-09,二",19.44,20.25,19.4,20,"428,354,600"
yzj300058,,"2017-05-10,三",20,20.29,18,18,"590,092,630"
yzj300058,,"2017-05-11,四",17.31,17.75,16.41,17.21,"416,180,550"
yzj300058,,"2017-05-12,五",17.01,17.26,16.7,17.05,"235,423,980"
yzj300058,,"2017-05-15,一",17.1,17.57,16.77,16.85,"173,665,540"
yzj300058,,"2017-05-16,二",16.73,17.75,16.47,17.71,"297,621,020"
yzj300058,,"2017-05-17,三",17.55,18.6,17.48,17.81,"362,153,950"
yzj300058,,"2017-05-18,四",17.88,18.33,17.7,18.02,"269,385,260"
yzj300058,,"2017-05-19,五",17.85,17.97,17.36,17.58,"183,344,250"
yzj300058,,"2017-05-22,一",17.4,17.76,16.85,16.86,"168,747,710"
